researcherId,slug,portalName,openalexName,email,profileUrl,openalexId,,nameScore,nameStatus,hasUiucAffiliation,uiucYears,issues
c4a918ec-bc1f-46ec-b6a1-894e79462c89,aaron-g-hager,Aaron G Hager,Aaron G. Hager,hager@illinois.edu,,https://openalex.org/A5035275611,,100,EXACT,TRUE,2026|2025|2024|2023|2022|2021|2020|2019|2018|2017|2016|2015|2014|2013|2011|2010|2009|2008|2007|2006|2005|2004|2003|2002|1999|1997|1994,
af0e41e2-359b-4ad7-b4db-c46e6c964005,aaron-s-benjamin,Aaron S Benjamin,Aaron S. Benjamin,asbenjam@illinois.edu,,https://openalex.org/A5062710247,,100,EXACT,TRUE,2026|2025|2024|2023|2022|2021|2020|2019|2018|2017|2016|2015|2014|2013|2012|2011|2010|2009|2008|2007|2006|2005|2004|2003|2002|2001,
8da2fa5d-02a7-421c-a886-2be41587a647,abhishek-methuku,Abhishek Methuku,Abhishek Methuku,methuku@illinois.edu,,https://openalex.org/A5041720529,,100,EXACT,TRUE,2026|2025|2024,
6e469b57-1339-48d6-ac32-a96ab1d6cb51,abigail-wooldridge,Abigail Wooldridge,Abigail R. Wooldridge,arwool@illinois.edu,,https://openalex.org/A5036727723,,100,EXACT,TRUE,2026|2025|2024|2023|2022|2021|2020|2019|2018,
08e20142-6d59-4251-a321-5af2bd9e0205,adam-bates,Adam Bates,Adam Bates,batesa@illinois.edu,https://openalex.org/A5021649580,https://openalex.org/A5021649580,,100,EXACT,TRUE,2025|2024|2023|2022|2021|2020|2019|2018|2017|2016,
0bde2f96-82bc-4cca-bfea-395960f987a4,adam-davis,Adam Davis,Adam Samuel Davis,asdavis1@illinois.edu,https://openalex.org/A5067043601,https://openalex.org/A5067043601,,100,EXACT,TRUE,2026|2025|2024|2023|2022|2021|2020|2019|2018|2017|2016|2015|2014|2012|2009|2008|2007|2006,
c03e5dee-633f-4ce1-b325-d947acc606c2,adam-gregory-dolezal,Adam Gregory Dolezal,Adam G. Dolezal,adolezal@illinois.edu,,https://openalex.org/A5043618349,,92,STRONG,TRUE,2026|2025|2024|2023|2022|2021|2020|2019|2018|2006,
fc405358-cb86-4db1-9121-b7fa973e5b03,adrian-burgos,Adrian Burgos,Adrián Burgos,burgosjr@illinois.edu,,https://openalex.org/A5074127094,,100,EXACT,TRUE,2025|2022|2021|2016|2014|2013|2012|2011|2009|2005,
8d2454db-0fa8-4640-a603-eeb807d1f887,ahmed-elbanna,Ahmed Elbanna,Ahmed Elbanna,elbanna2@illinois.edu,,https://openalex.org/A5128842598,,100,EXACT,TRUE,2026|2025,
d178c7cf-4299-437a-9b12-f8ca5c52dc8e,aida-x-el-khadra,Aida X El-Khadra,Aida X El-Khadra,axk@illinois.edu,https://openalex.org/A5038578616,https://openalex.org/A5038578616,,100,EXACT,TRUE,2026|2025|2024|2023|2022|2021|2020|2019|2018|2017|2016|2015|2014|2013|2012|2011|2010|2009|2008|2006|2005|2004|2003|2002|2001|2000|1999|1998|1997|1996,
ef1a8d5e-fd74-406b-b55a-7ef3eda4d6f8,aimo-hinkkanen,Aimo Hinkkanen,A. Hinkkanen,aimo@illinois.edu,,https://openalex.org/A5036616885,,100,EXACT,TRUE,2025|2024|2022|2021|2020|2019|2017|2016|2014|2013|2011|2010|2009|2007|2006|2004|2003|2002|2001|1999|1998|1997|1996|1995|1994|1993|1992|1991,
2239103d-11a6-4159-8160-579ec545a6e1,alejandro-dominguez-garcia,Alejandro Dominguez-Garcia,Alejandro D. Domínguez-García,aledan@illinois.edu,https://openalex.org/A5055346739,https://openalex.org/A5055346739,,100,EXACT,TRUE,2026|2025|2024|2023|2022|2021|2020|2019|2018|2017|2016|2015|2014|2013|2012|2011|2010|2009|2008,
610bb425-af3f-421d-9f7d-104cf7e16548,alejandro-lleras,Alejandro Lleras,Alejandro Lleras,alleras@illinois.edu,https://openalex.org/A5023266992,https://openalex.org/A5023266992,,100,EXACT,TRUE,2026|2025|2024|2023|2022|2021|2020|2019|2018|2017|2016|2015|2014|2013|2012|2011|2010|2009|2008|2007|2006|2005,
d211849f-d08d-4bf8-a1ca-b84580c21c14,aleks-ksiazkiewicz,Aleks Ksiazkiewicz,Aleksander Ksiazkiewicz,aleksks@illinois.edu,https://openalex.org/A5020055946,https://openalex.org/A5020055946,,98,EXACT,TRUE,2026|2025|2024|2023|2022|2021|2020|2019|2018|2017|2016,
3233192a-5698-444d-b17a-65a612adbcf7,aleksandr-stolyar,Aleksandr Stolyar,Alexander Stolyar,stolyar@illinois.edu,https://openalex.org/A5018196632,https://openalex.org/A5018196632,,80,REVIEW,TRUE,2026|2025|2024|2023|2022|2021|2020|2019|2018|2017|2016|2015|2007|2001,NAME_REVIEW
aaae7046-7ce2-4b9d-a753-bf4a9f1e0ac8,aleksei-aksimentiev,Aleksei Aksimentiev,Aleksei Aksimentiev,aksiment@illinois.edu,https://openalex.org/A5076175038,https://openalex.org/A5076175038,,100,EXACT,TRUE,2026|2025|2024|2023|2022|2021|2020|2019|2018|2017|2016|2015|2014|2013|2012|2011|2010|2009|2008|2007|2006|2005|2004|2003,
72aa6459-ce0b-4468-88a0-b9951542c2ee,alex-mironenko,Alex Mironenko,Alexander V. Mironenko,alexmir@illinois.edu,https://openalex.org/A5071773697,https://openalex.org/A5071773697,,80,REVIEW,TRUE,2026|2025|2024|2023|2022,NAME_REVIEW
07ebfe2b-4f6c-4d2f-bfdc-e7bb6cf1374a,alex-tartakovsky,Alex Tartakovsky,Alex Tartakovsky,amt1998@illinois.edu,https://openalex.org/A5037864412,https://openalex.org/A5037864412,,100,EXACT,TRUE,2024|2023|2021,
6eae6b51-e418-4270-b8a0-3b3648500027,alex-vakakis,Alex Vakakis,Alex F. Vakakis,avakakis@illinois.edu,,https://openalex.org/A5110330983,,100,EXACT,TRUE,2019|2016|2015|2014|2013|2012|2011|2010|2009|2008|2005|2003|2001|2000|1999|1998|1997|1996|1995|1994|1993|1992,
240605eb-50c1-4dfe-b3bb-0a65b3fb9c4b,alexander-edward-lipka,Alexander Edward Lipka,Alexander Edward Lipka,alipka@illinois.edu,https://openalex.org/A5071000917,https://openalex.org/A5071000917,,100,EXACT,TRUE,2026|2025|2024|2023|2022|2021|2020|2019|2018|2017|2016|2015|2014,
30d117e9-a0c2-4af8-8f6c-0ba20426b6b2,alexander-gerhard-schwing,Alexander Gerhard Schwing,Alexander Gerhard Schwing,aschwing@illinois.edu,https://openalex.org/A5049638480,https://openalex.org/A5049638480,,100,EXACT,TRUE,2025|2024|2023|2022|2021|2020|2019|2018|2017|2016,
4c4d453a-ff8a-43e9-92d0-c7ae13a6a36f,alexander-yong,Alexander Yong,Alexander Yong,ayong@illinois.edu,https://openalex.org/A5015606629,https://openalex.org/A5015606629,,100,EXACT,TRUE,2026|2025|2024|2023|2022|2021|2020|2019|2018|2017|2016|2015|2014|2013|2012|2011|2010|2009|2008|2007|2006,
e87ec0ec-f4b7-4ace-8f8d-34b552e4f4db,alexandr-kostochka,Alexandr Kostochka,Alexandr V. Kostochka,kostochk@illinois.edu,https://openalex.org/A5080894223,https://openalex.org/A5080894223,,100,EXACT,TRUE,2026|2025|2024|2023|2022|2021|2020|2019|2018|2017|2016|2015|2014|2013|2012|2011|2010|2009|2008|2007|2006|2005|2004|2003|2002|2001|2000,
0a50a46f-7575-487d-87cf-148f7d94d931,alexandru-zaharescu,Alexandru Zaharescu,Alexandru Zaharescu,zaharesc@illinois.edu,https://openalex.org/A5044281552,https://openalex.org/A5044281552,,100,EXACT,TRUE,2026|2025|2024|2023|2022|2021|2020|2019|2018|2017|2016|2015|2014|2013|2012|2011|2010|2009|2008|2007|2006|2005|2004|2003|2002|2001,
193f6dac-a886-4846-be27-ed0923aeeeec,alexey-bezryadin,Alexey Bezryadin,Alexey Bezryadin,bezryadi@illinois.edu,https://openalex.org/A5007582363,https://openalex.org/A5007582363,,100,EXACT,TRUE,2026|2025|2023|2021|2020|2017|2016|2015|2014|2013|2012|2011|2010|2009|2008|2007|2006|2005|2004|2003,
c28409dc-f4fd-42f9-9a6e-0bc07f1c3bb9,alfred-l-roca,Alfred L Roca,Alfred L. Roca,roca@illinois.edu,https://openalex.org/A5075978929,https://openalex.org/A5075978929,,100,EXACT,TRUE,2026|2025|2024|2023|2022|2021|2020|2019|2018|2017|2016|2015|2014|2013|2012|2011|2010|2009|2008,
b578148a-d8f6-49ce-bf24-2409cd313b4f,alireza-talebpour,Alireza Talebpour,Alireza Talebpour,ataleb@illinois.edu,https://openalex.org/A5077932885,https://openalex.org/A5077932885,,100,EXACT,TRUE,2026|2025|2024|2023|2022|2021|2020,
242ddfb6-117e-4e34-ac9f-36bafdc56e20,alison-bell,Alison Bell,Alison M. Bell,alisonmb@illinois.edu,https://openalex.org/A5144359576,https://openalex.org/A5002664251,,100,EXACT,TRUE,2026|2025|2024|2023|2022|2021|2020|2019|2018|2017|2016|2015|2014|2013|2012|2011|2010|2009|2008|2007|2006,
51058301-beb5-4e3d-bd8e-26f1a424ec48,alison-dunn,Alison Dunn,Alison C. Dunn,acd@illinois.edu,,https://openalex.org/A5014901949,,100,EXACT,TRUE,2024|2023|2022|2021|2020|2019|2018|2017|2016|2015|2014|2011|2006,
5face4b3-e534-4924-a0be-110ea8ca0b6f,alison-m-anders,Alison M Anders,Alison M. Anders,amanders@illinois.edu,,https://openalex.org/A5070347914,,100,EXACT,TRUE,2026|2025|2024|2023|2022|2021|2020|2019|2018|2017|2016|2015|2014|2013|2010|2009|2008|2007,
5c1e26b7-0755-4c63-969a-5c38dde61c1d,allen-h-renear,Allen H Renear,Allen H. Renear,renear@illinois.edu,,https://openalex.org/A5029874495,,100,EXACT,TRUE,2026|2024|2023|2022|2021|2019|2018|2017|2016|2012|2011|2010|2009|2008|2007|2006|2005|2004|2003|2002|2001|2000,
7c68799f-576c-4f37-b6b3-656c45aac5e6,amelia-mays-woods,Amelia Mays Woods,Amelia Mays Woods,amywoods@illinois.edu,,https://openalex.org/A5010172105,,100,EXACT,TRUE,2025|2024|2023|2022|2021|2020|2019|2018|2017|2016|2015|2014|2013|2012|2011|2010|2009|2008|2007|2006,
50dccc66-4646-474e-b1fa-8550abafc7e3,amit-kramer,Amit Kramer,Amit Kramer,kram@illinois.edu,,https://openalex.org/A5030204337,,100,EXACT,TRUE,2026|2025|2024|2023|2022|2021|2020|2019|2018|2017|2016|2015|2014|2013|2012|2010,
0478a16b-5c36-49d4-bf6b-bc6e29fb60b2,amy-jaye-wagoner-johnson,Amy Jaye Wagoner Johnson,Amy J. Wagoner Johnson,ajwj@illinois.edu,https://openalex.org/A5041859359,https://openalex.org/A5041859359,,96,STRONG,TRUE,2026|2025|2024|2023|2022|2021|2020|2019|2018|2017|2016|2015|2014|2013|2012|2011|2010|2009|2008|2007|2006|2005|2004|2003|1999,
46697352-d8b1-4a88-8fb3-dd971c8d66c4,ana-barros,Ana Barros,Ana Barros,barros@illinois.edu,https://openalex.org/A5123276942,https://openalex.org/A5123276942,,100,EXACT,TRUE,2026,
f42ae430-a15a-46bf-9e9c-0d24f0b35215,anand-padmanabhan,Anand Padmanabhan,Anand Padmanabhan,apadmana@illinois.edu,,https://openalex.org/A5020460963,,100,EXACT,TRUE,2025|2024|2023|2022|2021|2020|2019|2018|2017|2016|2015|2014|2013|2012|2011|2010|2008,
814f2991-7fd5-4dd0-a551-3e09c6d2eead,andi-schwingel,Andi Schwingel,Andiara Schwingel,andiara@illinois.edu,,https://openalex.org/A5024809040,,100,EXACT,TRUE,2026|2025|2024|2023|2022|2021|2020|2019|2018|2017|2016|2015|2014|2013|2012|2011|2009|2008|2007,
e58d4d5e-1cec-4adb-ba6f-bfbb072d487f,andre-schleife,Andre Schleife,André Schleife,schleife@illinois.edu,https://openalex.org/A5086627523,https://openalex.org/A5086627523,,100,EXACT,TRUE,2026|2025|2024|2023|2022|2021|2020|2019|2018|2017|2016|2015|2014,
bd4f1289-9436-4320-86c8-94ff26289047,andreas-c-cangellaris,Andreas C Cangellaris,Andreas C. Cangellaris,cangella@illinois.edu,,https://openalex.org/A5088703625,,100,EXACT,TRUE,2023|2022|2021|2020|2019|2018|2017|2016|2015|2014|2013|2012|2011|2010|2009|2008|2007|2006|2005|2004|2003|2002|2001|2000|1999|1998|1997,
62041670-f8be-4c51-88bd-29d48908459f,andreas-paul-eberhard-kloeckner,Andreas Paul Eberhard Kloeckner,,andreask@illinois.edu,https://openalex.org/A5112508473,https://openalex.org/A5112508473,,,UNLINKED,,,OPENALEX_RECORD_NOT_FOUND
6bec5b56-305d-4b08-8ceb-76dd359df2ab,andrei-kuzminov,Andrei Kuzminov,Andrei Kuzminov,kuzminov@illinois.edu,,https://openalex.org/A5020514067,,100,EXACT,TRUE,2026|2025|2024|2023|2022|2021|2020|2019|2017|2016|2015|2014|2013|2012|2011|2010|2009|2008|2007|2006|2005|2004|2003|2001,
d13032f5-4253-4e4b-a882-043251ef14d8,andrew-a-gewirth,Andrew A Gewirth,Andrew A. Gewirth,agewirth@illinois.edu,,https://openalex.org/A5021345935,,100,EXACT,TRUE,2026|2025|2024|2023|2022|2021|2020|2019|2018|2017|2016|2015|2014|2013|2012|2011|2010|2009|2008|2007|2006|2005|2004|2003|2002|2001|2000|1999|1998|1997|1996|1995|1994|1993|1992|1991,
a88f28cb-dc57-4a67-af83-7296361cae85,andrew-edmund-miller,Andrew Edmund Miller,Andrew E. Miller,soc1024@illinois.edu,https://openalex.org/A5005295367,https://openalex.org/A5005295367,,92,STRONG,TRUE,2021|2020|2019|2018|2017|2016,
bac19ae7-0bd7-4157-87df-1033696a78cc,andrew-g-alleyne,Andrew G Alleyne,Andrew G. Alleyne,alleyne@illinois.edu,,https://openalex.org/A5080517179,,100,EXACT,TRUE,2024|2023|2022|2021|2020|2019|2018|2017|2016|2015|2014|2013|2012|2011|2010|2009|2008|2007|2006|2005|2004|2003|2002|2001|2000|1999|1998|1997|1996|1995,
d6f10e00-7db0-4e94-b733-00c1064b0160,andrew-j-margenot,Andrew J Margenot,Andrew J. Margenot,margenot@illinois.edu,,https://openalex.org/A5033548666,,100,EXACT,TRUE,2026|2025|2024|2023|2022|2021|2020|2019|2018|2017,
4b91e8cb-c0fa-480d-8658-846c1bb02156,andrew-jonathan-steelman,Andrew Jonathan Steelman,Andrew J. Steelman,asteelma@illinois.edu,https://openalex.org/A5039847408,https://openalex.org/A5039847408,,92,STRONG,TRUE,2025|2024|2023|2022|2021|2020|2019|2018|2017|2016|2015,
8081445a-6430-457c-b929-bdd4bc8b8726,andrew-jordan-greenlee,Andrew Jordan Greenlee,Andrew Jordan Greenlee,agreen4@illinois.edu,,https://openalex.org/A5043611333,,100,EXACT,TRUE,2025|2024|2023|2022|2021|2020|2019|2018|2017|2016|2015|2014,
50780d77-04d9-46f6-a610-326d8c476797,andrew-leakey,Andrew Leakey,Andrew Leakey,leakey@illinois.edu,,https://openalex.org/A5127777962,,100,EXACT,TRUE,2026,
f78807c2-57d2-4c28-8355-2524bc557f0e,andrew-m-smith,Andrew M Smith,Andrew M. Smith,smi@illinois.edu,https://openalex.org/A5101895988,https://openalex.org/A5101895988,,100,EXACT,TRUE,2026|2025|2024|2023|2022|2021|2020|2019|2018|2017|2016|2015|2014|2013|2002,
fb147274-f3ca-47ad-8a87-e3692f12c1d3,andrew-s-belmont,Andrew S Belmont,Andrew S. Belmont,asbel@illinois.edu,,https://openalex.org/A5087714116,,100,EXACT,TRUE,2026|2025|2024|2023|2022|2021|2020|2019|2018|2017|2016|2015|2014|2013|2012|2011|2010|2009|2008|2007|2006|2005|2004|2003|2002|2001|2000|1999|1998|1997|1996|1994|1993,
33f07587-0cb5-4ce6-b9b7-a46a71c54435,andrew-singer,Andrew Singer,Andrew C. Singer,acsinger@illinois.edu,https://openalex.org/A5028083945,https://openalex.org/A5028083945,,100,EXACT,TRUE,2026|2023|2022|2021|2020|2019|2018|2017|2016|2015|2014|2013|2012|2011|2010|2009|2008|2007|2006|2005|2004|2003|2002|2001|1999,
ba71d03b-03de-47f0-a3bc-bd534fa9b6fe,andrew-suarez,Andrew Suarez,Andrew V. Suarez,suarez2@illinois.edu,,https://openalex.org/A5046153155,,100,EXACT,TRUE,2026|2024|2023|2022|2021|2020|2019|2018|2017|2016|2015|2014|2013|2012|2011|2010|2009|2008|2007|2006|2005|2004|1998|1997,
24218094-cb39-4021-b21b-4c169eeac49a,angela-kent,Angela Kent,Angela D. Kent,akent@illinois.edu,https://openalex.org/A5087879567,https://openalex.org/A5087879567,,100,EXACT,TRUE,2026|2025|2024|2023|2022|2021|2020|2019|2018|2017|2016|2015|2014|2013|2012|2011|2010|2009|2007|2006,
16f2fad8-b967-41b4-8766-2c5493d3dd39,anil-hirani,Anil Hirani,Anil N. Hirani,hirani@illinois.edu,https://openalex.org/A5016423606,https://openalex.org/A5016423606,,100,EXACT,TRUE,2025|2024|2023|2022|2020|2018|2017|2016|2015|2014|2012|2011|2010|2009|2008|2007,
1d94efa6-edbf-4fd5-89e3-83dd8ca345c2,anil-k-bera,Anil K Bera,,abera@illinois.edu,https://openalex.org/A5102978162,https://openalex.org/A5102978162,,,UNLINKED,,,OPENALEX_RECORD_NOT_FOUND
9c26ac29-f505-413b-a346-92f7cc142255,ann-christine-sychterz,Ann Christine Sychterz,Ann C. Sychterz,asychter@illinois.edu,,https://openalex.org/A5067857754,,98,EXACT,TRUE,2026|2025|2024|2023|2022|2021,
73b76b9f-39c6-4401-bd67-f0b7bd48098c,anna-carol-dilger,Anna Carol Dilger,A. C. Dilger,adilger2@illinois.edu,,https://openalex.org/A5016085931,,100,EXACT,TRUE,2026|2025|2024|2023|2022|2021|2020|2019|2018|2017|2016|2015|2014|2013|2012|2011|2010|2009|2008|2007,
2b31d8b5-3aa9-408f-9fcf-ea82e7c9e886,anna-maria-escobar,Anna María Escobar,Anna María Escobar,aescobar@illinois.edu,https://openalex.org/A5020419325,https://openalex.org/A5020419325,,100,EXACT,TRUE,2023|2022|2020|2018|2015|2012|2011|2010|2009|2008|2007|2005|2001|1992,
7124aaaf-63a4-4873-b5e3-6ade67fde588,anna-v-kukekova,Anna V Kukekova,Anna V. Kukekova,avk@illinois.edu,,https://openalex.org/A5017367749,,100,EXACT,TRUE,2026|2025|2024|2023|2022|2021|2020|2019|2018|2017|2016|2015|2014|2013,
39953470-a4aa-443c-b012-2fef46de651e,anna-maria-marshall,Anna-Maria Marshall,Anna‐Maria Marshall,amarshll@illinois.edu,https://openalex.org/A5072312029,https://openalex.org/A5072312029,,100,EXACT,TRUE,2025|2024|2023|2022|2021|2019|2015|2014|2012|2011|2010|2008|2006|2005|2003,
c0e14aec-f7e2-4867-946d-9318c7725014,anne-m-barger,Anne M Barger,Anne M. Barger,abarger@illinois.edu,,https://openalex.org/A5069840927,,100,EXACT,TRUE,2026|2024|2023|2022|2021|2020|2019|2018|2016|2015|2014|2013|2011|2010|2009|2008|2007|2006|2005|2003,
b474cae3-a6f5-462b-b8f1-07a855f8f5ec,annette-marie-mccoy,Annette Marie McCoy,Annette M. McCoy,mccoya@illinois.edu,,https://openalex.org/A5043575706,,100,EXACT,TRUE,2026|2025|2024|2023|2022|2021|2020|2019|2018|2017|2016|2015,
13e05f68-3134-4716-b68b-4c94ddd534f0,anthony-jacobi,Anthony Jacobi,Anthony M. Jacobi,a-jacobi@illinois.edu,https://openalex.org/A5135622911,https://openalex.org/A5042904737,,100,EXACT,TRUE,2026|2025|2024|2023|2021|2020|2019|2018|2017|2016|2015|2014|2013|2012|2011|2010|2009|2008|2007|2006|2005|2004|2003|2002|2001|2000|1999|1998|1997|1996|1995|1994|1993,
7576d8af-5433-4e3d-b149-51d9fb320df6,antony-r-crofts,Antony R Crofts,Antony R. Crofts,crofts@illinois.edu,,https://openalex.org/A5048072241,,100,EXACT,TRUE,2022|2021|2018|2017|2016|2015|2014|2013|2012|2011|2009|2008|2007|2006|2005|2004|2003|2002|2001|2000|1999|1998|1997|1996|1994|1993|1992|1991|1990|1989|1988|1987|1986|1985|1984|1983|1982|1981|1980|1979|1978,
7afa1246-3e73-431c-a4c6-fff2269be425,arend-van-der-zande,Arend van der Zande,,arendv@illinois.edu,https://openalex.org/A5020878903,https://openalex.org/A5124073256,,,UNLINKED,,,OPENALEX_RECORD_NOT_FOUND
f184d21a-e535-4c5d-9f7e-7e0b3b6b76f6,ariana-traill,Ariana Traill,Ariana Traill,traill@illinois.edu,,https://openalex.org/A5085124584,,100,EXACT,TRUE,2021|2016|2012|2011|2008|2005|2004,
20ba71d7-0dfc-47a3-81b2-942f47c8ab8d,aric-p-rindfleisch,Aric P Rindfleisch,Aric Rindfleisch,aric@illinois.edu,https://openalex.org/A5010419680,https://openalex.org/A5010419680,,88,STRONG,TRUE,2026|2025|2024|2023|2022|2021|2020|2019|2018|2017|2015|2014|2013|2012,
740bc521-d957-4267-b115-a9c4bc2e7ba9,arif-masud,Arif Masud,Arif Masud,amasud@illinois.edu,,https://openalex.org/A5058043574,,100,EXACT,TRUE,2026|2025|2024|2023|2022|2021|2020|2019|2018|2017|2016|2015|2014|2013|2012|2011|2010|2009|2008|2007|2005,
7dd7a3a4-334f-4d91-90dd-cc05c6540a97,arijit-banerjee,Arijit Banerjee,Arijit Banerjee,arijit@illinois.edu,,https://openalex.org/A5048883575,,100,EXACT,TRUE,2026|2025|2024|2023|2022|2021|2020|2019|2018,
91827236-b4aa-45ec-aec5-967b3c7fc4ec,arindam-banerjee,Arindam Banerjee,Arindam Banerjee,arindamb@illinois.edu,https://openalex.org/A5014459472,https://openalex.org/A5014459472,,100,EXACT,TRUE,2025|2022|2021|2020,
054ec986-2cba-4394-b92d-d507d3fd0b7b,armand-joseph-beaudoin,Armand Joseph Beaudoin,A.J. Beaudoin,abeaudoi@illinois.edu,https://openalex.org/A5112307401,https://openalex.org/A5112307401,,100,EXACT,TRUE,2025|2022|2019|2018|2017|2016|2015|2014|2013|2012|2011|2010|2009|2008|2007|2006|2005|2004|2003|2002|2001|2000|1999|1998|1994,
18d49b79-af81-43ca-8a0b-b7b76ac98883,arne-j-pearlstein,Arne J Pearlstein,Arne J. Pearlstein,ajp@illinois.edu,https://openalex.org/A5016846713,https://openalex.org/A5016846713,,100,EXACT,TRUE,2026|2024|2023|2022|2021|2020|2019|2017|2016|2015|2014|2013|2012|2006|2005|2004|2003|2002|2001|2000|1999|1998|1997|1996|1995|1994|1993|1992|1991|1990,
db452a3d-b852-4ebf-8cc6-41feb5d178b3,arne-woolsey-fliflet,Arne Woolsey Fliflet,Arne Fliflet,afliflet@illinois.edu,https://openalex.org/A5147689044,https://openalex.org/A5147689044,,88,STRONG,TRUE,2026,
45e9e199-19e6-437f-9654-b1650f9121f2,arnon-gal,Arnon Gal,Arnon Gal,agal2@illinois.edu,https://openalex.org/A5049895268,https://openalex.org/A5049895268,,100,EXACT,TRUE,2026|2025|2024|2023|2022|2021|2020|2019|2017|2016|2015|2014|2013|2012|2011|2009,
a72d62eb-9f84-4423-b772-4854d842a5fe,arthur-r-schmidt,Arthur R Schmidt,Arthur R. Schmidt,aschmidt@illinois.edu,,https://openalex.org/A5086433209,,100,EXACT,TRUE,2026|2025|2024|2023|2022|2021|2020|2019|2018|2017|2016|2015|2014|2013|2012|2011|2010|2009|2008|2007|2006|2005|2004|2003|2002|1991,
5c34e03b-6a58-478f-be54-32ba3c205f56,ashlynn-stillwell,Ashlynn Stillwell,Ashlynn S. Stillwell,ashlynn@illinois.edu,,https://openalex.org/A5062660361,,100,EXACT,TRUE,2026|2025|2024|2023|2022|2021|2020|2019|2018|2017|2016|2015|2014|2011,
d1fcb4cb-aac0-4f91-b38e-c4953803e25a,athol-j-kemball,Athol J Kemball,Athol J. Kemball,akemball@illinois.edu,,https://openalex.org/A5033773060,,100,EXACT,TRUE,2026|2025|2024|2023|2020|2019|2018|2017|2016|2013|2012|2011|2010|2009|2008|2007|2006|2005|2004,
e0376111-bd3a-4c2d-b87a-1ae1210db828,atul-jain,Atul Jain,,jain1@illinois.edu,https://openalex.org/A5037913161,https://openalex.org/A5125260924,,,UNLINKED,,,OPENALEX_RECORD_NOT_FOUND
583c3e1a-edb4-4f68-a5eb-b16ff076e04c,auinash-kalsotra,Auinash Kalsotra,Auinash Kalsotra,kalsotra@illinois.edu,,https://openalex.org/A5085428833,,100,EXACT,TRUE,2026|2025|2024|2023|2022|2021|2020|2019|2018|2017|2016|2015|2014,
644ef0cc-8a45-402a-978f-fddebf80e754,axel-friedrich-hoffmann,Axel Friedrich Hoffmann,Axel Hoffmann,axelh@illinois.edu,https://openalex.org/A5019834075,https://openalex.org/A5019834075,,92,STRONG,TRUE,2026|2025|2024|2023|2022|2021|2020|2019,
a7192309-a50e-4512-a3bc-66313111dc88,b-f-spencer,B F Spencer,Billie F. Spencer,bfs@illinois.edu,https://openalex.org/A5000232588,https://openalex.org/A5000232588,,100,EXACT,TRUE,2026|2025|2024|2023|2022|2021|2020|2019|2018|2017|2016|2015|2014|2013|2012|2011|2010|2009|2008|2007|2006|2005|2004|2003|2002|1987|1985,
bb106125-5923-4ffb-b24d-d8238ca48958,bailey-nicole-harsh,Bailey Nicole Harsh,Bailey N Harsh,bharsh2@illinois.edu,,https://openalex.org/A5073296247,,92,STRONG,TRUE,2026|2025|2024|2023|2022|2021|2020|2019|2018|2017|2016,
dd00da2a-c262-4dd3-94b7-19b2aaf8f8e5,barbara-fiese,Barbara Fiese,Barbara H. Fiese,bhfiese@illinois.edu,,https://openalex.org/A5011614937,,100,EXACT,TRUE,2026|2025|2024|2023|2022|2021|2020|2019|2018|2017|2016|2015|2014|2013|2012|2011|2010|2009|2008,
07004ad3-975a-4ecb-a035-28419aaa1c54,barry-bradlyn,Barry Bradlyn,Barry Bradlyn,bbradlyn@illinois.edu,https://openalex.org/A5064275485,https://openalex.org/A5064275485,,100,EXACT,TRUE,2026|2025|2024|2023|2022|2021|2020|2019|2018,
6055e597-9186-417e-bee9-ddde34618217,bassem-o-andrawes,Bassem O Andrawes,Bassem O. Andrawes,andrawes@illinois.edu,,https://openalex.org/A5036346385,,100,EXACT,TRUE,2026|2025|2024|2023|2022|2021|2020|2019|2018|2017|2016|2015|2014|2013|2012|2011|2010|2009|2008|2007,
58f315b3-0f90-40df-81f2-b3ecb2406185,becky-claire-fuller,Becky Claire Fuller,Rebecca C. Fuller,rcfuller@illinois.edu,https://openalex.org/A5078495733,https://openalex.org/A5078495733,,84,REVIEW,TRUE,2026|2025|2024|2022|2021|2020|2019|2018|2017|2016|2015|2014|2013|2012|2011|2010|2009|2008|2007,NAME_REVIEW
485e1a72-1df3-4851-893c-1d537c6eface,becky-smith,Becky Smith,,rlsdvm@illinois.edu,,,,,UNLINKED,,,NO_AUTHOR_LINK
f14ed72a-02a9-4d8d-83f8-99613b91ac80,benedek-kurdi,Benedek Kurdi,Benedek Kurdi,kurdi@illinois.edu,,https://openalex.org/A5087614588,,100,EXACT,TRUE,2026|2025|2024|2023,
546188cd-822a-4956-87f6-a5e0013e8094,benjamin-adam-grosser,Benjamin Adam Grosser,Benjamin Grosser,grosser@illinois.edu,https://openalex.org/A5090625389,https://openalex.org/A5090625389,,92,STRONG,TRUE,2025|2017|2016|2006|2005|2004|2003|2001|2000|1999,
56813e93-0882-4cdf-952f-c589f8e24d2e,benjamin-james-lough,Benjamin James Lough,Benjamin J. Lough,bjlough@illinois.edu,,https://openalex.org/A5048001871,,100,EXACT,TRUE,2026|2024|2023|2022|2021|2020|2019|2018|2017|2016|2015|2014|2013|2012|2011,
f61a4965-4fef-47c7-8321-39fdde04d10b,benjamin-l-hankin,Benjamin L Hankin,Benjamin L. Hankin,hankinb@illinois.edu,,https://openalex.org/A5075818294,,100,EXACT,TRUE,2026|2025|2024|2023|2022|2021|2020|2019|2018|2017|2016,
6936a7a3-404f-4653-92bb-babe0243356c,benjamin-mark-van-doren,Benjamin Mark Van Doren,Benjamin Mark Van Doren,vandoren@illinois.edu,,https://openalex.org/A5015943253,,100,EXACT,TRUE,2026|2025|2024|2023,
96c2b305-3a34-4b6c-bbcb-59430fc750b7,benjamin-mccall,Benjamin McCall,Benjamin J. McCall,bjmccall@illinois.edu,,https://openalex.org/A5032272531,,100,EXACT,TRUE,2020|2019|2018|2017|2016|2015|2014|2013|2012|2011|2010|2009|2008|2007|2006|2005,
2848e538-d7a6-457f-8727-5fee10119fd9,bertram-c-bruce,Bertram C Bruce,Bertram C. Bruce,chip@illinois.edu,https://openalex.org/A5090063447,https://openalex.org/A5090063447,,100,EXACT,TRUE,2026|2025|2024|2023|2022|2021|2019|2018|2017|2016|2014|2013|2012|2011|2010|2009|2008|2007|2006|2005|2004|2003|2002|2001|2000|1998|1997|1996|1995|1994|1993|1990|1981,
5b825ff6-4337-42e1-8f4d-0d053a8d79e1,bertram-ludaescher,Bertram Ludaescher,Bertram Ludaescher,ludaesch@illinois.edu,,https://openalex.org/A5065522958,,100,EXACT,TRUE,2021|2019|2015|2014,
c0115ea5-3022-4b32-90c6-d61f5ddc283f,bill-stewart,Bill Stewart,Bill Stewart,wstewart@illinois.edu,,https://openalex.org/A5066650714,,100,EXACT,TRUE,1999,
02a33746-e60b-4b03-9779-85a0183820f6,bin-peng,Bin Peng,Bin Peng,binpeng@illinois.edu,https://openalex.org/A5073721257,https://openalex.org/A5073721257,,100,EXACT,TRUE,2026|2025|2024|2023|2022|2021|2020|2019|2018|2017,
d3a0805c-10eb-4259-990e-29e100c48c48,bo-li-lbo,Bo Li,,lbo@illinois.edu,,,,,UNLINKED,,,NO_AUTHOR_LINK
81305b02-48b4-4044-a2ec-a4a657b0ed8a,bo-li-libo,Bo Li,Бо Ли,libo@illinois.edu,https://openalex.org/A5100738534,https://openalex.org/A5100738534,,100,EXACT,TRUE,2023|2022|2021|2020|2019|2018|2017|2016|2010|2009|2007|2006,
f5632896-2424-459b-ad14-20c07f38f808,bo-zhang,Bo Zhang,Bo Zhang,bozhang3@illinois.edu,https://openalex.org/A5077036584,https://openalex.org/A5077036584,,100,EXACT,TRUE,2026|2025|2024|2023|2022|2019|2017|2002,
552821c4-6913-4408-99b3-eb542ed590aa,bob-pahre,Bob Pahre,Robert Pahre,pahre@illinois.edu,https://openalex.org/A5015820689,https://openalex.org/A5015820689,,80,REVIEW,TRUE,2022|2015|2009|2008|2007|2005|2004|2003|2001|1999,NAME_REVIEW
acd615f2-3be4-46a2-8888-8951eb380fb9,brad-sutton,Brad Sutton,Bradley P. Sutton,bsutton@illinois.edu,https://openalex.org/A5002649922,https://openalex.org/A5002649922,,100,EXACT,TRUE,2026|2025|2024|2023|2022|2021|2020|2019|2018|2017|2016|2015|2014|2013|2012|2011|2010|2009|2008|2007|2006|2005,
00566335-12de-4756-854a-9bdb415e6dff,brenda-anne-wilson,Brenda Anne Wilson,Brenda Anne Wilson,wilson7@illinois.edu,https://openalex.org/A5090086405,https://openalex.org/A5090086405,,100,EXACT,TRUE,2025|2024|2023|2022|2021|2020|2019|2018|2017|2016|2015|2014|2013|2012|2011|2010|2009|2008|2007|2006|2005|2004|2003|2002|2001|2000,
5d93930b-b66b-43da-86a2-fa25ac45d63a,brendan-a-harley,Brendan A Harley,Brendan A.C. Harley,bharley@illinois.edu,,https://openalex.org/A5018712181,,100,EXACT,TRUE,2026|2025|2024|2023|2022|2021|2020|2019|2018|2017|2016|2015|2014|2013|2012|2011|2010|2009|2008,
aabdb1bb-f79b-4fb7-ba65-33efb817b734,brent-mcbride,Brent McBride,Brent McBride,brentmcb@illinois.edu,,https://openalex.org/A5052128982,,100,EXACT,TRUE,2025,
a24e3f68-b924-4ff1-88ce-0fcc58c73eeb,brent-w-roberts,Brent W Roberts,Brent W. Roberts,bwrobrts@illinois.edu,https://openalex.org/A5006768210,https://openalex.org/A5006768210,,100,EXACT,TRUE,2026|2025|2024|2023|2022|2021|2020|2019|2018|2017|2016|2015|2014|2013|2012|2011|2010|2009|2008|2007|2006|2005|2004|2003|2002|2001|2000,
beb2e4b3-c0f8-4164-bc90-d00b4c1d5d2f,brian-c-freeman,Brian C Freeman,,bfree@illinois.edu,https://openalex.org/A5037157644,https://openalex.org/A5136604937,,,UNLINKED,,,OPENALEX_RECORD_NOT_FOUND
89f22ef9-bcfe-4e3e-b5b1-dc5ba635c94a,brian-david-fields,Brian David Fields,Brian D. Fields,bdfields@illinois.edu,https://openalex.org/A5013197591,https://openalex.org/A5013197591,,92,STRONG,TRUE,2026|2025|2024|2023|2022|2021|2020|2019|2018|2017|2016|2015|2014|2013|2012|2011|2010|2009|2008|2007|2006|2005|2004|2003|2002|2001|2000|1999|1998,
08ffa30b-4d45-4dc4-8525-deacb21f7f03,brian-f-allan,Brian F Allan,Brian F. Allan,ballan@illinois.edu,https://openalex.org/A5027165660,https://openalex.org/A5027165660,,100,EXACT,TRUE,2026|2025|2024|2023|2022|2021|2020|2019|2018|2017|2016|2015|2014|2013|2012|2010,
77096bd2-8450-4965-9e13-873734ab58a4,brian-g-thomas,Brian G Thomas,Brian G. Thomas,bgthomas@illinois.edu,,https://openalex.org/A5084999328,,100,EXACT,TRUE,2026|2025|2023|2022|2020|2019|2018|2017|2016|2015|2014|2013|2012|2011|2010|2009|2008|2007|2006|2005|2004|2003|2002|2001|2000|1999|1998|1997|1996|1995|1994|1993|1992|1991|1990|1988|1987,
30824d41-0678-4f77-8869-89672951becb,brian-gabriel-ogolsky,Brian Gabriel Ogolsky,Brian G. Ogolsky,bogolsky@illinois.edu,https://openalex.org/A5000361297,https://openalex.org/A5000361297,,92,STRONG,TRUE,2026|2025|2024|2023|2022|2021|2020|2019|2018|2017|2016|2015|2014|2013|2012|2011,
5375a8b5-6f12-4aa4-9e0c-b96ef456b3c5,brian-j-gaines,Brian J Gaines,Brian J. Gaines,bjgaines@illinois.edu,,https://openalex.org/A5076612410,,100,EXACT,TRUE,2026|2025|2023|2022|2021|2020|2019|2017|2014|2013|2012|2011|2010|2009|2007|2006|2004|2003|2002|2001|2000|1999|1997|1996,
85e1c950-5c45-4a16-87ea-d39368aabba8,brian-l-quick,Brian L Quick,Brian L. Quick,bquick@illinois.edu,,https://openalex.org/A5079155538,,100,EXACT,TRUE,2025|2024|2023|2022|2021|2020|2019|2018|2017|2016|2015|2014|2013|2012|2011|2010|2009|2008|2007,
8575b5bc-5fde-4f1c-b6e4-2c1cbcdac749,brian-leeds-demarco,Brian Leeds DeMarco,Brian DeMarco,bdemarco@illinois.edu,https://openalex.org/A5034103745,https://openalex.org/A5034103745,,88,STRONG,TRUE,2026|2024|2023|2022|2021|2020|2019|2018|2016|2015|2014|2013|2012|2011|2010|2009|2008|2006|2005,
547c135b-e6a2-4f89-bdf8-1232b0635e3a,brian-m-deal,Brian M Deal,Brian M. Deal,deal@illinois.edu,,https://openalex.org/A5084334581,,100,EXACT,TRUE,2026|2025|2024|2023|2022|2021|2020|2019|2018|2017|2016|2015|2013|2012|2011|2009|2007|2005|2004,
27bc03af-86ab-498f-a71e-a7ce6ab12c48,brian-p-bailey,Brian P Bailey,Brian P. Bailey,bpbailey@illinois.edu,https://openalex.org/A5034329641,https://openalex.org/A5034329641,,100,EXACT,TRUE,2026|2025|2023|2022|2021|2020|2019|2018|2017|2016|2015|2014|2013|2012|2011|2010|2009|2008|2007|2006|2005|2004|2003,
8477d7a4-6360-4e4c-bfce-c49738f0759b,brian-s-woodard,Brian S Woodard,Brian Woodard,bswoodrd@illinois.edu,,https://openalex.org/A5113907504,,100,EXACT,TRUE,2026|2025|2024|2023|2021|2020|2019|2018|2017|2016|2015|2014|2013|2012|2011|2010|2009|2008|2007|2006|2005|2004|2003,
32dd00b2-123d-45eb-8e57-5cb6bc80e66c,brian-t-cunningham,Brian T Cunningham,Brian T. Cunningham,bcunning@illinois.edu,https://openalex.org/A5075829379,https://openalex.org/A5075829379,,100,EXACT,TRUE,2026|2025|2024|2023|2022|2021|2020|2019|2018|2017|2016|2015|2014|2013|2012|2011|2010|2009|2008|2007|2006|2005|2004|1998|1991|1990|1989,
5ab8d67c-ce95-4070-84a5-758903c7abf2,bridget-sweet,Bridget Sweet,Bridget Mary Sweet,bsweet@illinois.edu,,https://openalex.org/A5074493106,,100,EXACT,TRUE,2025|2023|2019|2018|2015|2014|2011,
9f314946-9769-42c6-a6f9-815007d5b456,bruce-a-conway,Bruce A Conway,Bruce A. Conway,bconway@illinois.edu,,https://openalex.org/A5110077024,,100,EXACT,TRUE,2025|2024|2019|2018|2017|2016|2015|2014|2013|2012|2011|2010|2009|2008|2006|2005|2004|2001|2000|1999|1998|1997|1996|1995|1994|1992|1989|1988|1986,
df790a13-fb2c-4183-a86f-9d737eac0d7c,bruce-hajek,Bruce Hajek,Bruce Hajek,b-hajek@illinois.edu,,https://openalex.org/A5047760182,,100,EXACT,TRUE,2026|2025|2024|2023|2022|2021|2020|2019|2018|2017|2016|2015|2014|2013|2012|2011|2010|2009|2008|2007|2006|2005|2004|2003|2002|2001|2000|1998|1997|1996|1995|1994|1993|1992|1991|1990|1989|1988|1987|1986|1985|1984|1983|1982|1981|1980|1979,
8d0ad1ef-7bad-449f-8dd7-b6cdbeec8546,bruce-l-rhoads,Bruce L Rhoads,Bruce L. Rhoads,brhoads@illinois.edu,,https://openalex.org/A5053547865,,100,EXACT,TRUE,2026|2025|2024|2023|2022|2021|2020|2019|2018|2017|2016|2015|2014|2013|2012|2011|2010|2009|2008|2007|2006|2005|2004|2003|2002|2001|2000|1999|1998|1995|1994|1993|1992|1991|1990|1988|1987,
de67405d-7c08-41da-b9de-14f7a4950e6b,bruce-southey,Bruce Southey,Bruce R. Southey,southey@illinois.edu,,https://openalex.org/A5001450490,,100,EXACT,TRUE,2026|2025|2024|2023|2022|2021|2020|2019|2018|2016|2015|2014|2013|2012|2011|2010|2009|2008|2007|2006|2005|2004|2003|2002|2001,
ca852afe-c723-4bb5-8e34-88d3f4046c3c,bruce-w-fouke,Bruce W Fouke,Bruce W. Fouke,fouke@illinois.edu,,https://openalex.org/A5032584114,,100,EXACT,TRUE,2026|2025|2024|2023|2022|2021|2020|2019|2018|2017|2016|2015|2014|2013|2012|2011|2010|2009|2008|2007|2006|2005|2004|2003|2002|2001|2000|1999,
8bcfc408-8779-4307-9ff0-a137a34de512,bryan-k-clark,Bryan K Clark,Bryan K. Clark,bkclark@illinois.edu,https://openalex.org/A5073233049,https://openalex.org/A5073233049,,100,EXACT,TRUE,2026|2025|2024|2023|2022|2021|2020|2019|2018|2017|2016|2015|2014,
9ae3168b-7f25-482e-a936-dad578797533,bumsoo-lee,Bumsoo Lee,Bumsoo Lee,bumsoo@illinois.edu,,https://openalex.org/A5085786759,,100,EXACT,TRUE,2025|2024|2022|2021|2020|2019|2017|2015|2014|2013|2011|2010|2009|2008,
207efd07-1951-463d-a485-45cbc75ca55f,c-h-christina-cheng,C.-H. Christina Cheng,Huan‐Cheng Chang,c-cheng@illinois.edu,https://openalex.org/A5065102952,https://openalex.org/A5065102952,,84,REVIEW,TRUE,1996,NAME_REVIEW
1f713952-ac74-47f6-b4ab-282ad6bf6abe,cabral-aziza-bigman-galimore,Cabral Aziza Bigman-Galimore,Cabral A. Bigman,cbigman@illinois.edu,https://openalex.org/A5013853735,https://openalex.org/A5013853735,,96,STRONG,TRUE,2023|2022|2021|2020|2019|2018|2017|2016|2015|2014|2013,
2fe30f2d-6e3a-4a18-8c68-dba778635f4d,can-bayram,Can Bayram,Can Bayram,cbayram@illinois.edu,https://openalex.org/A5024965883,https://openalex.org/A5024965883,,100,EXACT,TRUE,2026|2025|2024|2023|2022|2021|2020|2019|2018|2017|2016|2015,
9727c0a5-64c0-4491-880f-e0d7daea04ca,carena-van-riper,Carena Van Riper,Carena J. van Riper,cvanripe@illinois.edu,,https://openalex.org/A5023549843,,100,EXACT,TRUE,2026|2025|2024|2023|2022|2021|2020|2019|2018|2017|2016|2015|2014,
760d56a8-849b-4fa3-aad0-da02cf53c9c6,carin-vanderpool,Carin Vanderpool,Carin K. Vanderpool,cvanderp@illinois.edu,,https://openalex.org/A5006548294,,88,STRONG,TRUE,2026|2025|2024|2023|2022|2021|2020|2019|2018|2017|2016|2015|2014|2013|2012|2011|2010|2009|2007|2006,
7d000da7-fa71-45c2-b3b8-4aca64acd0d1,carl-bernacchi,Carl Bernacchi,Carl Bernacchi,bernacch@illinois.edu,,https://openalex.org/A5137142390,,100,EXACT,TRUE,2026|2024|2021,
dc95e1a6-171e-4a49-a937-84cd729329ee,carl-gunter,Carl Gunter,,cgunter@illinois.edu,https://openalex.org/A5031954035,https://openalex.org/A5140011277,,,UNLINKED,,,OPENALEX_RECORD_NOT_FOUND
39669db2-bed4-4039-a068-6cf19353b965,carl-m-parsons,Carl M Parsons,Carl M Parsons,poultry@illinois.edu,https://openalex.org/A5111628945,https://openalex.org/A5111628945,,100,EXACT,TRUE,2026|2025|2024,
387ec381-1784-4cbf-8266-af65ecaa2833,carla-e-caceres,Carla E Caceres,Carla E. Cáceres,cecacere@illinois.edu,https://openalex.org/A5084537245,https://openalex.org/A5084537245,,100,EXACT,TRUE,2026|2025|2024|2023|2022|2021|2020|2019|2018|2017|2016|2015|2014|2013|2012|2011|2010|2009|2008|2007|2006|2005|2004|2003|2001,
838fea51-70ee-4f50-9552-dd8caf2af10e,carlos-armando-duarte,Carlos Armando Duarte,Carlos Armando Duarte,caduarte@illinois.edu,,https://openalex.org/A5030243140,,100,EXACT,TRUE,2026|2025|2024|2023|2022|2021|2020|2019|2018|2017|2016|2015|2014|2013|2012|2011|2010|2009|2008|2007|2006|2005,
a497ce24-ad73-4d5a-afd0-0485115137b2,carlos-javier-torelli,Carlos Javier Torelli,Carlos J. Torelli,ctorelli@illinois.edu,https://openalex.org/A5008389806,https://openalex.org/A5008389806,,92,STRONG,TRUE,2026|2024|2022|2021|2020|2019|2018|2017|2016|2006,
da21f285-c147-4dab-90c7-9b3105c3fb6c,carol-maddox,Carol Maddox,Carol Wolfgang Maddox,maddox@illinois.edu,https://openalex.org/A5020554231,https://openalex.org/A5020554231,,100,EXACT,TRUE,2026|2025|2024|2023|2022|2021|2020|2019|2018|2016|2015|2014|2013|2012|2011|2010|2009|2008|2006|2005|2004|2001,
070dbd0f-f9a9-42cb-aeae-69021b0b27ad,carol-symes,Carol Symes,Carol Symes,symes@illinois.edu,https://openalex.org/A5072299712,https://openalex.org/A5072299712,,100,EXACT,TRUE,2025|2022|2021|2019|2017|2016|2015|2014|2010|2009,
d2d30b31-57e6-4fed-a3a8-b5bd9a85ac9e,carol-tilley,Carol Tilley,Carol L. Tilley,ctilley@illinois.edu,,https://openalex.org/A5031252734,,100,EXACT,TRUE,2023|2019|2018|2017|2015|2012|2011|2010,
246bbf2d-426f-4150-a914-692556f7fb3a,caroline-cao,Caroline Cao,Caroline G. L. Cao,ccao01@illinois.edu,https://openalex.org/A5030764040,https://openalex.org/A5030764040,,100,EXACT,TRUE,2026|2025|2024|2023,
1e9043cb-251c-4a61-9989-eb32c77358e9,carolyn-l-beck,Carolyn L Beck,Carolyn L. Beck,beck3@illinois.edu,https://openalex.org/A5043282337,https://openalex.org/A5043282337,,100,EXACT,TRUE,2026|2025|2024|2023|2022|2021|2020|2019|2018|2017|2016|2015|2014|2013|2012|2011|2010|2009|2008|2007|2006|2005|2004|2003|2002|2001|1999,
726a144e-e017-4e62-96cb-8c1e483118da,caterina-gratton,Caterina Gratton,Caterina Gratton,cgratton@illinois.edu,,https://openalex.org/A5066098469,,100,EXACT,TRUE,2026|2025|2024|2009,
062222a2-fbab-48e9-93b0-00c68c1c693e,catharine-edith-ann-fairbairn,Catharine Edith Ann Fairbairn,Catharine E. Fairbairn,cfairbai@illinois.edu,https://openalex.org/A5007815842,https://openalex.org/A5007815842,,92,STRONG,TRUE,2026|2025|2024|2023|2022|2021|2020|2019|2018|2017|2016,
3c7a95d8-213a-4d61-8146-4c5ce6f54b26,catherine-christian-hinman,Catherine Christian-Hinman,Catherine A. Christian,cathchri@illinois.edu,https://openalex.org/A5083037212,https://openalex.org/A5083037212,,100,EXACT,TRUE,2026|2025|2024|2023|2022|2021|2020|2019|2018|2017|2016,
6cad9185-b3f0-4622-965a-f8bb8e710f4b,catherine-jones-murphy,Catherine Jones Murphy,Catherine Jones Murphy,murphycj@illinois.edu,,https://openalex.org/A5030076676,,100,EXACT,TRUE,2026|2025|2024|2023|2022|2021|2020|2019|2018|2017|2016|2015|2014|2013|2012|2011|2010|1990,
c75cdf2a-02a7-49ce-9773-b170afaec320,catherine-lesley-blake,Catherine Lesley Blake,Catherine L. Blake,clblake@illinois.edu,,https://openalex.org/A5043442839,,92,STRONG,TRUE,2025|2024|2022|2021|2019|2018|2017|2016|2015|2014|2013|2012|2011|2010|2009,
a6414767-3fcc-4e73-9a1c-5562363147b0,cecilia-leal,Cecilia Leal,Cecília Leal,cecilial@illinois.edu,https://openalex.org/A5088834377,https://openalex.org/A5088834377,,100,EXACT,TRUE,2026|2025|2024|2023|2022|2021|2020|2019|2018|2017|2016|2015|2014|2013,
5c604ded-bd46-454f-934c-9182f2259243,cedric-langbort,Cedric Langbort,Cédric Langbort,langbort@illinois.edu,,https://openalex.org/A5053297501,,100,EXACT,TRUE,2026|2025|2024|2023|2022|2021|2020|2019|2018|2017|2016|2015|2014|2013|2012|2011|2010|2009|2008|2007|2006,
dbf4102c-aa68-481a-9836-81cf2779eb93,cele-otnes,Cele Otnes,Cele C. Otnes,cotnes@illinois.edu,,https://openalex.org/A5110914197,,100,EXACT,TRUE,2025|2023|2021|2020|2018|2016|2015|2014|2012|2011|2008|2005|2003|2002|2001|1999|1996|1995|1994|1993,
f9e707b2-e037-4ac0-a770-c219fb60bfbd,chadly-stern,Chadly Stern,Chadly Stern,chadly@illinois.edu,,https://openalex.org/A5008630281,,100,EXACT,TRUE,2025|2024|2023|2022|2021|2020|2019|2018|2017|2016,
b4e1920f-c28b-4ec2-a959-2bb88ae20b4b,chandra-sekhar-chekuri,Chandra Sekhar Chekuri,Chandra Chekuri,chekuri@illinois.edu,https://openalex.org/A5036503505,https://openalex.org/A5036503505,,92,STRONG,TRUE,2026|2025|2024|2023|2022|2021|2020|2019|2018|2017|2016|2015|2014|2013|2012|2011|2010|2009|2008|2007|2006|2005,
62b8fa9b-3a66-4485-9482-2a522a3d5d19,charee-mooney-thompson,Charee Mooney Thompson,Charee Mooney Thompson,charee@illinois.edu,,https://openalex.org/A5002348915,,100,EXACT,TRUE,2026|2025|2024|2023|2022|2021|2020|2019,
a5dbe664-6064-4793-809d-bfc5923e0887,charles-c-roseman,Charles C Roseman,Charles C. Roseman,croseman@illinois.edu,,https://openalex.org/A5004651389,,100,EXACT,TRUE,2026|2025|2023|2022|2021|2020|2019|2018|2017|2016|2015|2014|2011|2010|2009|2008|2007|2005|1977|1973,
6562d1ee-b2af-4a7c-a363-45c83a682e20,charles-e-sing,Charles E Sing,Charles E. Sing,cesing@illinois.edu,,https://openalex.org/A5076637481,,100,EXACT,TRUE,2026|2025|2024|2023|2022|2021|2020|2019|2018|2017|2016|2015,
9c15b326-fb9d-40d2-ac97-22fe4e04b874,charles-gammie,Charles Gammie,,gammie@illinois.edu,https://openalex.org/A5004324846,https://openalex.org/A5147393505,,,UNLINKED,,,OPENALEX_RECORD_NOT_FOUND
91ec223d-a956-45ab-80ae-cc77745d1b2d,charles-l-tucker,Charles L Tucker,Charles L. Tucker,ctucker@illinois.edu,,https://openalex.org/A5053077083,,100,EXACT,TRUE,2022|2019|2017|2016|2015|2013|2012|2008|2007|2006|2005|2004|2003|2002|2001|2000|1999|1998|1997|1996|1995|1994|1993|1992|1991|1990|1988|1987|1986|1984|1983|1981|1980,
b0bc389e-0ab2-4a90-89cd-5e25a94900d9,charles-m-schroeder,Charles M Schroeder,Charles M. Schroeder,cms@illinois.edu,,https://openalex.org/A5064479674,,100,EXACT,TRUE,2026|2025|2024|2023|2022|2021|2020|2019|2018|2017|2016|2015|2014|2013|2012|2011|2010|2009,
aa400ccc-f7d0-4228-87a6-6e53f471371f,chemyong-ko,CheMyong Ko,CheMyong Ko,jayko@illinois.edu,,https://openalex.org/A5084346798,,100,EXACT,TRUE,2014|2012|1989|1986,
aaec6a1f-3db0-4266-8798-3b89fe40dd68,chengxiang-zhai,Chengxiang Zhai,ChengXiang Zhai,czhai@illinois.edu,https://openalex.org/A5028518494,https://openalex.org/A5028518494,,100,EXACT,TRUE,2026|2025|2024|2023|2022|2021|2020|2019|2018|2017|2016|2015|2014|2013|2012|2011|2010|2009|2008|2007|2006|2005|2004|2003,
9b519155-7a10-4bd7-973b-d30b9f25b0c6,chenhui-shao,Chenhui Shao,Chenhui Shao,chshao@illinois.edu,,https://openalex.org/A5059084183,,100,EXACT,TRUE,2026|2025|2024|2023|2022|2021|2020|2019|2018|2017|2016,
abadf282-cf62-4b4b-af8b-e67a594e1522,cheryl-d-hanley-maxwell,Cheryl D Hanley-Maxwell,Cheryl Hanley‐Maxwell,cherylhm@illinois.edu,https://openalex.org/A5073361891,https://openalex.org/A5073361891,,92,STRONG,TRUE,2020|2018|2017|1986|1982,
b35ce18e-32eb-4754-a820-15988e01dad5,chi-fang-wu,Chi-Fang Wu,Chi‐Fang Wu,cfangwu@illinois.edu,,https://openalex.org/A5008365249,,100,EXACT,TRUE,2026|2025|2024|2023|2022|2021|2020|2019|2018|2017|2016|2015|2014|2013|2011|2010|2009|2008|2007|2006|2005,
ceff40f4-fb1b-482e-b507-79a50af10f36,chia-fon-lee,Chia-Fon Lee,Chia-Fon Lee,cflee@illinois.edu,https://openalex.org/A5110044791,https://openalex.org/A5110044791,,100,EXACT,TRUE,2024|2021|2020|2019|2018|2017|2016|2015|2014|2012|2007|1998,
449cfbc1-54bf-47a7-b04d-90cc23fa2103,chloe-wardropper,Chloe Wardropper,Chloe Bradley Wardropper,chloew@illinois.edu,https://openalex.org/A5070801408,https://openalex.org/A5070801408,,100,EXACT,TRUE,2026|2025|2024|2023,
cdd78980-7868-4f37-ada3-bd4ef41cfe13,chris-evans,Chris Evans,Chris Evans,cme365@illinois.edu,https://openalex.org/A5126441025,https://openalex.org/A5126441025,,100,EXACT,TRUE,2026,
ea14b5f9-a752-4bee-8270-8c0b5f6056e6,christopher-byron-brooke,Christopher Byron Brooke,Christopher B. Brooke,cbrooke@illinois.edu,,https://openalex.org/A5017220314,,98,EXACT,TRUE,2026|2025|2024|2023|2022|2021|2020|2019|2018|2017,
57f8f57d-ff81-45c1-bea9-f083f3dab369,christopher-m-tessum,Christopher M Tessum,Christopher W. Tessum,ctessum@illinois.edu,https://openalex.org/A5001173179,https://openalex.org/A5001173179,,0,HIGH_RISK,TRUE,2026|2025|2024|2023|2022|2021|2020,NAME_HIGH_RISK
8e0c61d8-01cf-4a72-8a45-cda5417ea291,christopher-paul-lyman-barkan,Christopher Paul Lyman Barkan,Christopher P. L. Barkan,cbarkan@illinois.edu,https://openalex.org/A5114247372,https://openalex.org/A5114247372,,96,STRONG,TRUE,2026|2025|2023|2022|2020|2019|2018|2017|2016|2015|2014|2013|2012|2011|2010|2009|2008|2007|2006|2005|2004|2003|2000,
31bc4542-a59b-423c-8f53-a5477cd5adc8,christopher-rollo-larrison,Christopher Rollo Larrison,Christopher R. Larrison,larrison@illinois.edu,https://openalex.org/A5012589419,https://openalex.org/A5012589419,,92,STRONG,TRUE,2026|2025|2024|2023|2022|2021|2020|2019|2017|2016|2015|2011|2010|2009|2008|2006|2005|2004|2003|2002|2001,
8399911e-a86b-47dd-9154-4a2fe892620a,christopher-v-rao,Christopher V Rao,Christopher V. Rao,cvrao@illinois.edu,https://openalex.org/A5102741763,https://openalex.org/A5102741763,,100,EXACT,TRUE,2026|2017|2012,
72d49afd-5c82-4ec3-b18b-84b571913fd1,christy-landes,Christy Landes,Christy F. Landes,cflandes@illinois.edu,,https://openalex.org/A5079840104,,100,EXACT,TRUE,2026|2025|2024,
e2344094-1dff-4a94-ae68-91a41d85f14a,chrysafis-vogiatzis,Chrysafis Vogiatzis,Chrysafis Vogiatzis,chrys@illinois.edu,,https://openalex.org/A5018915189,,100,EXACT,TRUE,2026|2025|2024|2023|2022|2021|2020|2019,
61fcb226-30d2-45b8-a2af-6cae92b36935,chung-yi-chiu,Chung-Yi Chiu,Chungyi Chiu,chiucy@illinois.edu,https://openalex.org/A5083516813,https://openalex.org/A5083516813,,100,EXACT,TRUE,2026|2025|2024|2023|2022|2021|2020|2019|2018|2017|2016|2015|2014|2013,
350c97bc-6851-4c90-88d3-a026e7372f88,cindy-fisher,Cindy Fisher,Cynthia L. Fisher,clfishe@illinois.edu,https://openalex.org/A5082614005,https://openalex.org/A5082614005,,80,REVIEW,TRUE,2026|2024|2021|2020|2019|2018|2016|2015|2014|2013|2012|2011|2010|2009|2008|2007|2006|2005|2004|2003|2002|2001|1999|1998|1996|1995|1994,NAME_REVIEW
ef2f2c5d-0ebf-42bb-a1cd-5378b544d5da,clark-w-bullard,Clark W Bullard,Clark W. Bullard,bullard@illinois.edu,,https://openalex.org/A5112018762,,100,EXACT,TRUE,2009|2006|2005|2004|2003|2002|2001|2000|1999|1998|1994|1988|1987|1978|1977|1976|1975,
39b02851-838d-4224-b28a-4c966ab0b913,claudio-f-grosman,Claudio F Grosman,Claudio F. Grosman,grosman@illinois.edu,https://openalex.org/A5036527979,https://openalex.org/A5036527979,,100,EXACT,TRUE,2026|2025|2024|2022|2021|2020|2019|2017|2016|2015|2014|2013|2012|2011|2010|2009|2008|2006|2005|2003,
d4342f27-f827-48dd-b6ea-9d79f6bb6441,colin-rhinesmith,Colin Rhinesmith,Colin Rhinesmith,crhines@illinois.edu,,https://openalex.org/A5002844316,,100,EXACT,TRUE,2026|2025|2013,
816bf1f6-4461-42fe-b159-5a02caf77c65,colleen-lewis,Colleen Lewis,,colleenl@illinois.edu,https://openalex.org/A5065608156,https://openalex.org/A5125962856,,,UNLINKED,,,OPENALEX_RECORD_NOT_FOUND
9ce928f3-0692-4cd7-8d59-8c29724f8a52,conrad-quentin-bakker,Conrad Quentin Bakker,Conrad Bakker,cbakker@illinois.edu,https://openalex.org/A5016623084,https://openalex.org/A5016623084,,88,STRONG,FALSE,,NO_UIUC_AFFILIATION
dbc84220-8a94-443f-b763-2f2133d1b04a,cory-suski,Cory Suski,Cory D. Suski,suski@illinois.edu,,https://openalex.org/A5035172433,,100,EXACT,TRUE,2026|2025|2024|2023|2022|2021|2020|2019|2018|2017|2016|2015|2014|2013|2012|2011|2010|2009|2008|2007|2004|2003,
703426ba-70d1-4211-9b77-3145073be846,craig-campbell-lundstrom,Craig Campbell Lundstrom,Craig Campbell Lundstrom,lundstro@illinois.edu,,https://openalex.org/A5018424240,,100,EXACT,TRUE,2026|2025|2024|2023|2022|2021|2020|2019|2018|2017|2016|2015|2014|2013|2012|2011|2010|2009|2008|2007|2006|2005|2004|2003|2002|2000,
f605e247-5abb-404a-9870-cbb490e3a211,craig-dutton,Craig Dutton,Craig Dutton,jcdutton@illinois.edu,,https://openalex.org/A5024185690,,100,EXACT,TRUE,2024|2023|2014|2013|2012|2011|2010|2004|2003|2002,
da4e5a7c-c197-44d5-8102-230e002daa5c,craig-m-koslofsky,Craig M Koslofsky,Craig M. Koslofsky,koslof@illinois.edu,,https://openalex.org/A5045247558,,100,EXACT,TRUE,2021|2014|2013|2012|2011|2007|2003|2002|2001|2000,
08c1152c-9f36-49c8-82bd-11d4f2161311,craig-zilles,Craig Zilles,Craig Zilles,zilles@illinois.edu,https://openalex.org/A5136507731,https://openalex.org/A5136507731,,100,EXACT,TRUE,2026,
b711da28-3898-45f7-a058-a5ae5fadf1fb,cristian-proistosescu,Cristian Proistosescu,Cristian Proistosescu,cristi@illinois.edu,,https://openalex.org/A5051221198,,100,EXACT,TRUE,2026|2025|2024|2023|2022|2021|2020,
a8af1f92-af13-47da-abae-670b23fa03fe,d-fairchild-ruggles,D Fairchild Ruggles,D. Fairchild Ruggles,dfr1@illinois.edu,,https://openalex.org/A5109959129,,100,EXACT,TRUE,2026|2025|2024|2023|2020|2016|2015|2013|2011|2010|2009|2007|2004,
a88cfddf-85c7-4a47-9804-5f38139edcef,d-a-briley,D. A. Briley,,dabriley@illinois.edu,https://openalex.org/A5034133561,https://openalex.org/A5135836961,,,UNLINKED,,,OPENALEX_RECORD_NOT_FOUND
a3799fc8-66eb-46bd-9ca1-182c4a49c676,dakshita-khurana,Dakshita Khurana,Dakshita Khurana,dakshita@illinois.edu,,https://openalex.org/A5073283740,,100,EXACT,TRUE,2026|2025|2024|2023|2022|2021|2020|2019,
c6cc8cb2-5d8b-406d-b7e7-fba806147bb3,dallas-trinkle,Dallas Trinkle,Dallas R. Trinkle,dtrinkle@illinois.edu,https://openalex.org/A5043950605,https://openalex.org/A5043950605,,100,EXACT,TRUE,2026|2025|2024|2023|2022|2021|2020|2019|2018|2017|2016|2015|2014|2013|2012|2011|2010|2009|2008|2007,
75e92da5-41e2-450c-b8b3-864ecbf8f137,damarys-josefina-canache,Damarys Josefina Canache,Damarys Canache,dcanache@illinois.edu,,https://openalex.org/A5031143222,,92,STRONG,TRUE,2025|2021|2019|2017|2014|2013|2012|2010|2005,
8f6c2e6a-8bc6-41d0-988a-8a18fe5b1c91,damien-s-guironnet,Damien S Guironnet,Damien Guironnet,guironne@illinois.edu,https://openalex.org/A5043097813,https://openalex.org/A5043097813,,88,STRONG,TRUE,2026|2025|2024|2023|2022|2021|2020|2019|2018|2017,
23f47e96-4595-40fe-bf2b-19881ee74c2e,dana-rabin,Dana Rabin,Dana Y. Rabin,drabin@illinois.edu,https://openalex.org/A5090959500,https://openalex.org/A5090959500,,100,EXACT,TRUE,2025|2022|2020|2018|2016|2015|2013|2012|2011|2010|2009|2008|2005,
21616a1f-bcd7-4a9e-807a-b099a73ff85d,daniel-a-newman,Daniel A Newman,Daniel Aureliano Newman,d5n@illinois.edu,https://openalex.org/A5101622245,https://openalex.org/A5101622245,,100,EXACT,TRUE,2026|2025|2024|2023|2022|2021|2020|2019|2018|2017|2016|2015|2014|2013|2012|2011|2010|2009|2008,
b17c6cca-898d-46f2-b807-bc8b68c8d0f4,daniel-adolfo-llano,Daniel Adolfo Llano,,d-llano@illinois.edu,https://openalex.org/A5060781519,https://openalex.org/A5127875586,,,UNLINKED,,,OPENALEX_RECORD_NOT_FOUND
304d4ac4-4bbe-4ecc-bc4e-188f941e503a,daniel-hyde,Daniel Hyde,Daniel C. Hyde,dchyde@illinois.edu,https://openalex.org/A5102744122,https://openalex.org/A5102744122,,100,EXACT,TRUE,2026|2025|2024|2023|2022|2021|2020|2018|2017|2016|2015|2014|2013|1973,
c76ac537-2aef-4bf5-9602-f5cad815fcf4,daniel-j-bodony,Daniel J Bodony,Daniel J. Bodony,bodony@illinois.edu,https://openalex.org/A5011367707,https://openalex.org/A5011367707,,100,EXACT,TRUE,2026|2025|2024|2023|2022|2021|2020|2019|2018|2017|2016|2015|2014|2013|2012|2011|2010|2009|2008|2007,
41cc86cc-6738-4160-87e1-8c498dea2b65,daniel-j-simons,Daniel J Simons,Daniel J. Simons,dsimons@illinois.edu,https://openalex.org/A5006468035,https://openalex.org/A5006468035,,100,EXACT,TRUE,2026|2025|2024|2023|2021|2019|2018|2017|2016|2015|2014|2013|2012|2011|2010|2009|2008|2007|2006|2005|2004|2003,
3e455105-2a6f-4fe5-83a5-0e1483771ae2,daniel-l-rock,Daniel L Rock,Daniel L. Rock,dlrock@illinois.edu,https://openalex.org/A5018502975,https://openalex.org/A5018502975,,100,EXACT,TRUE,2026|2025|2023|2021|2020|2019|2018|2017|2016|2015|2014|2012|2011|2010|2008|2007|2006|2005,
8eb9a777-dcc4-47bc-b88d-2af78e1cefba,daniel-m-liberzon,Daniel M Liberzon,Daniel Liberzon,liberzon@illinois.edu,https://openalex.org/A5086321981,https://openalex.org/A5086321981,,88,STRONG,TRUE,2025|2024|2023|2022|2021|2020|2019|2018|2017|2016|2015|2014|2013|2012|2011|2010|2009|2008|2007|2006|2005|2004|2003|2002|2001,
7e6b70ba-aa9e-4f11-bd38-eeadc682c2aa,daniel-philip-shoemaker,Daniel Philip Shoemaker,Daniel P. Shoemaker,dpshoema@illinois.edu,https://openalex.org/A5019782564,https://openalex.org/A5019782564,,92,STRONG,TRUE,2026|2025|2024|2023|2022|2021|2020|2019|2018|2017|2016|2015|2014,
63445700-c196-4b3c-b5b0-95f91ba829b8,daniel-s-katz,Daniel S. Katz,Daniel S. Katz,dskatz@illinois.edu,https://openalex.org/A5061630529,https://openalex.org/A5061630529,,100,EXACT,TRUE,2026|2025|2024|2023|2022|2021|2020|2019|2018|2017|2016,
f7596b4b-f20b-40cb-b1fb-c11dbfa1dc6e,daniel-w-schneider,Daniel W Schneider,Daniel Schneider,ddws@illinois.edu,,https://openalex.org/A5012753154,,100,EXACT,TRUE,2022|2020|2019|2014|2013|2009|2006|2005|2004|2003|2000|1998|1997|1996,
11b06a3b-ad26-4a5a-8c42-7c49fb47f55e,daniel-william-shike,Daniel William Shike,Daniel W W Shike,dshike@illinois.edu,https://openalex.org/A5026074062,https://openalex.org/A5026074062,,92,STRONG,TRUE,2026|2025|2024|2023|2022|2021|2020|2019|2018|2017|2016|2015|2014|2013|2010|2009|2008|2007,
43d7c611-ce22-4723-97c2-f2bb036571f9,darko-marinov,Darko Marinov,Darko Marinov,marinov@illinois.edu,https://openalex.org/A5081289583,https://openalex.org/A5081289583,,100,EXACT,TRUE,2026|2025|2024|2023|2022|2021|2020|2019|2018|2017|2016|2015|2014|2013|2012|2011|2010|2009|2008|2007|2006|2005,
3cea08bb-f6ae-4885-aec2-7cad78eb385c,darrell-f-socie,Darrell F Socie,Darrell F. SOCIE,dsocie@illinois.edu,https://openalex.org/A5110469742,https://openalex.org/A5110469742,,100,EXACT,TRUE,2014|2013|2010|2005|2004|2003|2001|2000|1999|1997|1995|1994|1993|1992|1991|1988|1987|1979|1977,
fc4ee6a0-c527-48cf-95cf-541525904877,david-a-williams,David A Williams,David Arnold Williams,daw@illinois.edu,https://openalex.org/A5034119300,https://openalex.org/A5034119300,,100,EXACT,TRUE,2025|2024|2023|2022|2021|2018|2017|2012|2011|2010|2008|2007,
904c1fa7-f84a-4745-9325-e20e2a8145f7,david-alexander-forsyth,David Alexander Forsyth,David Alexander Forsyth,daf@illinois.edu,,https://openalex.org/A5010851725,,100,EXACT,TRUE,2025|2024|2023|2022|2021|2020|2019|2018|2017|2016|2015|2014|2013|2012|2011|2010|2009|2008|2007|2006|2005,
d932d201-b889-4e57-b7a1-7c425e35a3c8,david-e-woon,David E Woon,David E. Woon,dewoon@illinois.edu,,https://openalex.org/A5026047273,,100,EXACT,TRUE,2026|2025|2023|2022|2021|2020|2019|2017|2016|2015|2014|2013|2012|2011|2010|2009|2008|2007,
ba6c3f9a-5684-446c-b392-6b3e66915918,david-g-cahill,David G Cahill,David G. Cahill,d-cahill@illinois.edu,https://openalex.org/A5001475799,https://openalex.org/A5001475799,,100,EXACT,TRUE,2026|2025|2024|2023|2022|2021|2020|2019|2018|2017|2016|2015|2014|2013|2012|2011|2010|2009|2008|2007|2006|2005|2004|2003|2002|2001|2000|1999|1998|1997|1996|1995|1994|1993|1992,
8e0051ca-1d48-477d-a198-4230794ffdfa,david-j-kuck,David J Kuck,David J. Kuck,kuck@illinois.edu,,https://openalex.org/A5112711115,,100,EXACT,TRUE,2007|2005|2002|1998|1997|1994|1993|1992|1990|1989|1988|1987|1986|1985|1984|1983|1981|1980|1979|1978|1977|1976|1975|1974|1973|1972|1971|1970|1969|1968|1966|1899,
ce171eda-375b-49c5-919b-d2588db9ba0c,david-j-miller,David J Miller,David J. Miller,djmille@illinois.edu,,https://openalex.org/A5090859306,,100,EXACT,TRUE,2026|2025|2024|2023|2022|2021|2020|2019|2018|2017|2016|2015|2014|2013|2012|2011|2010|2008|2007|2006|2004|2002|2001|2000|1999|1998|1997|1994,
a1437b50-00ae-498d-98fe-8121c2209c0b,david-j-shapiro,David J Shapiro,David J. Shapiro,djshapir@illinois.edu,,https://openalex.org/A5061599949,,100,EXACT,TRUE,2025|2024|2023|2022|2021|2020|2018|2017|2016|2015|2014|2013|2012|2011|2010|2008|2007|2006|2005|2004|2002|2001|2000|1999|1998|1997|1996|1995|1994|1993|1992|1991|1990|1989|1988|1987|1986|1985|1983|1982|1981|1978|1977|1976|1975,
6c497325-d536-4a59-bb38-2d777730a949,david-lyle-hays,David Lyle Hays,D. Hays,dlhays@illinois.edu,,https://openalex.org/A5007388170,,100,EXACT,TRUE,2024|2018|2016|2015|2014|2013|2007|2006|2005|2004,
92703b38-063d-43d1-be73-71e5f2fdcfe9,david-m-kranz,David M Kranz,David M. Kranz,d-kranz@illinois.edu,,https://openalex.org/A5088135588,,100,EXACT,TRUE,2024|2023|2022|2021|2020|2019|2018|2017|2016|2015|2014|2013|2012|2011|2010|2009|2008|2007|2006|2005|2004|2003|2002|2001|2000|1999|1998|1997|1996|1995|1994|1993|1992|1991|1989|1988|1983|1982|1981|1980,
6d82f959-745e-4262-891e-526a6be808b3,david-malcolm-nicol,David Malcolm Nicol,David M. Nicol,dmnicol@illinois.edu,https://openalex.org/A5022586647,https://openalex.org/A5022586647,,92,STRONG,TRUE,2025|2023|2022|2021|2020|2019|2018|2017|2016|2015|2014|2013|2012|2011|2010|2009|2008|2007|2006|2005|2004|2003|1988|1985,
30926431-c8d8-4c98-916a-9d1d034da7df,david-michael-rosch,David Michael Rosch,David Michael Rosch,dmrosch@illinois.edu,https://openalex.org/A5001153108,https://openalex.org/A5001153108,,100,EXACT,TRUE,2026|2024|2023|2022|2021|2020|2019|2018|2017|2016|2015|2014|2013|2012|2011|2010|2009|2007,
f7124b38-c232-41ed-ad6d-ca70a4471294,david-p-kuehn,David P Kuehn,David P. Kuehn,dkuehn@illinois.edu,,https://openalex.org/A5005972195,,100,EXACT,TRUE,2025|2023|2020|2019|2018|2017|2016|2014|2013|2012|2011|2010|2009|2008|2007|2006|2005|2004|2003|2002|2001|2000|1999|1998|1997|1996|1995|1994|1993|1991|1990|1988|1986,
8f2b339d-92ad-497b-a495-340e7a7afae0,david-padua,David Padua,David Padua,padua@illinois.edu,,https://openalex.org/A5109071293,,100,EXACT,TRUE,2021|2020|2019|2018|2017|2016|2015|2014|2013|2012|2011|2010|2009|2008|2007|2006|2005|2004|2003|2002|2001|2000|1999|1998|1997|1996|1995|1994|1993|1992|1990|1989|1988|1987|1986|1982|1981,
9c02ea0a-f61e-4c6f-bcc2-da72d011bb58,david-ross-strauser,David Ross Strauser,David R. Strauser,strauser@illinois.edu,https://openalex.org/A5055159327,https://openalex.org/A5055159327,,92,STRONG,TRUE,2026|2025|2024|2023|2022|2021|2020|2019|2018|2017|2016|2015|2014|2013|2012|2011|2010|2009|2008|2007|2006,
2738b1dc-f40b-4d53-a8f0-c29f141b7581,david-wilson,David Wilson,David P. Wilson,dwilson2@illinois.edu,https://openalex.org/A5065925569,https://openalex.org/A5065925569,,100,EXACT,TRUE,2025|2024|2023|2022|2021|2020|2019|2018|2017|2016|2015|2014|2013|2012|2010|2009|2008|2007|2005|2004|2003|2001|2000|1998|1996|1995|1994|1993|1992|1991|1965,
95bbe94b-a892-45fd-ae0b-28438d882680,david-yves-albouy,David Yves Albouy,David Albouy,albouy@illinois.edu,https://openalex.org/A5051568532,https://openalex.org/A5051568532,,92,STRONG,TRUE,2025|2022|2021|2020|2019|2018|2017|2016|2015|2014|2013|2012,
87c0ca36-d9de-4426-aa96-9a8a790803d4,dean-edward-riechers,Dean Edward Riechers,Dean E. Riechers,riechers@illinois.edu,,https://openalex.org/A5064577751,,100,EXACT,TRUE,2025|2024|2023|2022|2021|2020|2019|2018|2017|2016|2015|2013|2011|2010|2009|2008|2007|2006|2005|2004|2003|2002|1995|1994|1993|1991,
6d88d889-1b1c-4051-b9b4-321ecf28d182,deana-c-mcdonagh,Deana C McDonagh,Deana McDonagh,mcdonagh@illinois.edu,,https://openalex.org/A5061442560,,100,EXACT,TRUE,2025|2024|2023|2021|2020|2019|2018|2017|2015|2014|2012|2011|2010|2009|2008|2007|2005|2004,
101dd7e3-b39b-4e8f-b7e5-ac0972f460a4,deborah-leckband,Deborah Leckband,Deborah Elaine Leckband,leckband@illinois.edu,https://openalex.org/A5140156274,https://openalex.org/A5052206928,,100,EXACT,TRUE,2026|2025|2024|2023|2022|2021|2020|2019|2018|2017|2016|2015|2014|2013|2012|2011|2010|2009|2008|2007|2006|2005|2004|2003|2002|2001|2000|1999|1998|1997|1995,
29ed88bd-5543-4b81-8d07-30aeb0bff7b6,deborah-levin-fliflet,Deborah Levin Fliflet,,deblevin@illinois.edu,,,,,UNLINKED,,,NO_AUTHOR_LINK
316f25c3-6b94-40ac-bc16-6f39814c7063,deepak-somaya,Deepak Somaya,Deepak Somaya,dsomaya@illinois.edu,https://openalex.org/A5050983863,https://openalex.org/A5050983863,,100,EXACT,TRUE,2026|2025|2024|2023|2022|2021|2020|2019|2018|2017|2016|2015|2014|2013|2012|2011|2010|2008|2006|2001,
fdf41786-f73d-440a-b430-2e79c422aab7,deepak-vasisht,Deepak Vasisht,Deepak Vasisht,deepakv@illinois.edu,,https://openalex.org/A5034738254,,100,EXACT,TRUE,2026|2025|2024|2023|2022|2021|2020,
7ffb8051-9c84-4086-9ae0-f0efe08297c1,deming-chen,Deming Chen,Deming Chen,dchen@illinois.edu,https://openalex.org/A5056321228,https://openalex.org/A5056321228,,100,EXACT,TRUE,2026|2025|2024|2023|2022|2021|2020|2019|2018|2017|2016|2015|2014|2013|2012|2011|2010|2009|2008|2007|2006,
3d0a2aae-1619-4400-ba36-8f0ac8e53eae,denka-kutzarova,Denka Kutzarova,Denka Kutzarova,denka@illinois.edu,https://openalex.org/A5033624776,https://openalex.org/A5033624776,,100,EXACT,TRUE,2024|2023|2022|2021|2020|2019|2018|2017|2016|2015|2014|2010|2008|2007|2006|2005|2003,
3cc293ce-3443-4eba-8783-ea7890fc411a,derek-w-hoiem,Derek W Hoiem,Derek Hoiem,dhoiem@illinois.edu,https://openalex.org/A5009682734,https://openalex.org/A5009682734,,88,STRONG,TRUE,2026|2025|2024|2023|2022|2021|2020|2019|2018|2017|2016|2015|2014|2013|2012|2011|2010|2009|2008,
507347b0-1760-45b8-b377-bd16607b9557,diane-m-beck,Diane M Beck,Diane M. Beck,dmbeck@illinois.edu,https://openalex.org/A5045169291,https://openalex.org/A5045169291,,100,EXACT,TRUE,2026|2025|2024|2023|2022|2021|2020|2019|2018|2017|2016|2015|2014|2013|2012|2011|2010|2009|2008|2007,
0b4be5b9-3434-4e58-b966-f6390e9b66db,dilek-hakkani-tur,Dilek Hakkani Tur,Dilek Z. Hakkani-Tur,dilek@illinois.edu,https://openalex.org/A5113822366,https://openalex.org/A5113822366,,100,EXACT,TRUE,2026|2025|2024,
14ad928c-6b12-4098-9845-22b7fd1be3ec,dirk-eddelbuettel,Dirk Eddelbuettel,Dirk Eddelbuettel,deddel@illinois.edu,https://openalex.org/A5006435920,https://openalex.org/A5006435920,,100,EXACT,TRUE,2024|2022|2020|2018,
5e0fc811-1c85-4511-9d3a-2ef91e7605ad,diwakar-shukla,Diwakar Shukla,Diwakar Shukla,diwakar@illinois.edu,,https://openalex.org/A5053940473,,100,EXACT,TRUE,2026|2025|2024|2023|2022|2021|2020|2019|2018|2017|2016|2015,
dce2c493-29f1-44c1-800d-0bd2dc6a7f2f,dokyoung-lee,DoKyoung Lee,DoKyoung Lee,leedk@illinois.edu,https://openalex.org/A5047086185,https://openalex.org/A5047086185,,100,EXACT,TRUE,2026|2025|2024|2023|2022|2021|2020|2019|2018|2017|2016|2015|2014|2013|2012|2011|2009,
ee181f79-7fb4-40a7-a4f5-c294db880019,don-ort,Don Ort,Don Ort,d-ort@illinois.edu,,https://openalex.org/A5039714203,,100,EXACT,TRUE,2011,
e7c23c62-3ffc-4a86-9b19-c5273b8e5a0f,donald-michael-mcfarland,Donald Michael McFarland,Donald Michael McFarland,dmmcf@illinois.edu,,https://openalex.org/A5043083027,,100,EXACT,TRUE,2021|2020|2019|2018|2017|2016|2015|2014|2013|2012|2011|2010|2009|2008|2007|2006|2005|2004|2003|2002|1995|1994|1993|1989|1988|1986,
e5cd0a1b-5712-41bd-ad38-7a60bfa71e71,donald-scott-stewart,Donald Scott Stewart,Donald Scott Stewart,dss@illinois.edu,,https://openalex.org/A5013882526,,100,EXACT,TRUE,2021|2020|2019|2018|2017|2016|2015|2014|2013|2012|2011|2009|2008|2007|2006|2005|2004|2003|2002|2001|2000|1999|1998|1997|1996|1995|1994|1993|1992|1991|1990|1989|1988|1986|1984,
674dccdf-0d8e-4510-9655-0de7d3a328d5,dong-wang,Dong Wang,Dong Wang,dwang24@illinois.edu,https://openalex.org/A5100391517,https://openalex.org/A5100391517,,100,EXACT,TRUE,2026|2025|2024|2023|2022|2021|2016|2015|2014|2013|2012|2011|2010|2009|2008,
2e8ed53c-e339-4896-9ee9-f98b4dc9f927,dongwan-yoo,Dongwan Yoo,Dongwan Yoo,dyoo@illinois.edu,https://openalex.org/A5032443844,https://openalex.org/A5032443844,,100,EXACT,TRUE,2026|2025|2024|2023|2022|2021|2020|2019|2018|2017|2016|2015|2014|2013|2012|2010|2009|2008,
0f9d0c9c-a76a-4710-9f39-71b03e4bc291,douglas-alan-mitchell,Douglas Alan Mitchell,Douglas A. Mitchell,douglasm@illinois.edu,https://openalex.org/A5020004066,https://openalex.org/A5020004066,,92,STRONG,TRUE,2026|2025|2024|2023|2022|2021|2020|2019|2018|2017|2016|2015|2014|2013|2012|2011|2010,
38e980cb-1af7-407d-a1de-3be8a624d5e9,douglas-cary-smith,Douglas Cary Smith,Douglas Cary Smith,smithdc@illinois.edu,https://openalex.org/A5087832910,https://openalex.org/A5087832910,,100,EXACT,TRUE,2026|2025|2024|2023|2022|2021|2020|2019|2018|2017|2016|2015|2014|2013|2012|2011|2010|2009|2008,
e224b43d-fc02-4120-92c0-c013615a4617,douglas-g-simpson,Douglas G Simpson,Douglas G. Simpson,dgs@illinois.edu,,https://openalex.org/A5091076080,,100,EXACT,TRUE,2025|2024|2023|2021|2020|2019|2018|2016|2015|2014|2013|2012|2010|2008|2006|2005|2004|2003|2002|2001|2000|1999|1998|1997|1996|1992|1991|1990|1989|1987|1986,
f4ed22ba-fd21-4f72-9710-d401fa68cf22,douglas-h-beck,Douglas H Beck,D. Beck,dhbeck@illinois.edu,,https://openalex.org/A5027681082,,100,EXACT,TRUE,2024|2023|2022|2021|2020|2019|2018|2017|2016|2015|2014|2013|2012|2011|2010|2006|2005|2003|2002|2001|2000|1999|1997|1996|1995|1991,
e20d1285-0e8e-4fdd-a5a6-88959c75eb1e,douglas-kibbee,Douglas Kibbee,,dkibbee@illinois.edu,https://openalex.org/A5029882899,https://openalex.org/A5134720216,,,UNLINKED,,,OPENALEX_RECORD_NOT_FOUND
82ebf2a0-9a8c-49b9-941b-1dc87626d2dc,dov-cohen,Dov Cohen,Dov J. Cohen,dovcohen@illinois.edu,,https://openalex.org/A5072406023,,100,EXACT,TRUE,2026|2025|2024|2023|2020|2019|2018|2017|2016|2015|2014|2013|2012|2011|2010|2009|2008|2007|2005|2004|2003|2002|1998|1997|1996|1994,
2bd5d040-064a-478f-adbb-5d732f969127,dusan-m-stipanovic,Dusan M Stipanovic,Dušan M. Stipanović,dusan@illinois.edu,https://openalex.org/A5046079000,https://openalex.org/A5046079000,,100,EXACT,TRUE,2026|2025|2024|2023|2022|2021|2020|2019|2018|2017|2016|2015|2014|2013|2012|2011|2010|2009|2008|2007|2006,
3fff0560-7ab7-4453-9fa0-8866c566126e,edgar-solomonik,Edgar Solomonik,Edgar Solomonik,solomon2@illinois.edu,https://openalex.org/A5022838370,https://openalex.org/A5022838370,,100,EXACT,TRUE,2026|2024|2023|2022|2021|2020|2019|2017|2016|2011|2010,
f5bf255a-50ed-4147-b821-5f3f93a58ca8,eduardo-h-fradkin,Eduardo H Fradkin,Eduardo Fradkin,efradkin@illinois.edu,,https://openalex.org/A5048920469,,100,EXACT,TRUE,2026|2025|2024|2023|2022|2021|2020|2019|2018|2017|2016|2015|2014|2013|2012|2011|2010|2009|2008|2007|2006|2005|2004|2003|2002|2001|2000|1999|1998|1997|1996|1995|1994|1993|1992|1991|1990|1989|1988|1987|1986|1985|1984|1983|1982|1981|1980,
385906b6-643c-4e25-b9a7-5103b5bbc4c7,eduardo-ledesma,Eduardo Ledesma,Eduardo Ledesma,eledes1@illinois.edu,https://openalex.org/A5054422365,https://openalex.org/A5054422365,,100,EXACT,TRUE,2026|2024|2023|2022|2021|2019|2018|2017|2014|2013,
3bfe7b5a-b6df-4572-b733-4e4f84a60152,edward-m-reingold,Edward M Reingold,Edward M. Reingold,reingold@illinois.edu,https://openalex.org/A5073186573,https://openalex.org/A5073186573,,100,EXACT,TRUE,2014|2005|2004|2002|2000|1999|1997|1996|1995|1994|1993|1992|1991|1990|1989|1985|1984|1983|1982|1981|1980|1979|1976|1975|1974|1973|1972|1971|1970|1899,
5f91c740-8134-4518-8d1d-71a21b7c4cb9,edward-mcauley,Edward McAuley,Edward McAuley,emcauley@illinois.edu,https://openalex.org/A5018856932,https://openalex.org/A5018856932,,100,EXACT,TRUE,2026|2025|2024|2023|2022|2021|2020|2019|2018|2017|2016|2015|2014|2013|2012|2011|2010|2009|2008|2007|2006|2005|2004|2003|2002|2001|2000|1999|1998|1997|1996|1995|1994|1993|1992|1991|1990|1989,
07789731-4245-4032-b8ce-f155e055b7bf,elahe-soltanaghai,Elahe Soltanaghai,Elahe Soltanaghai,elahe@illinois.edu,https://openalex.org/A5067361748,https://openalex.org/A5067361748,,100,EXACT,TRUE,2026|2025|2024|2023|2022|2021,
834e1615-b5ef-4a0a-9b48-73a3a455f9d2,eleanor-kenyetta-seaton,Eleanor Kenyetta Seaton,Eleanor K. Seaton,eseaton@illinois.edu,https://openalex.org/A5051888091,https://openalex.org/A5051888091,,92,STRONG,TRUE,2026|2025|2024,
7ad52a2f-fb57-4df5-974c-89caadfa190c,eleftheria-kontou,Eleftheria Kontou,Eleftheria Kontou,kontou@illinois.edu,https://openalex.org/A5021602963,https://openalex.org/A5021602963,,100,EXACT,TRUE,2026|2025|2024|2023|2022|2021|2020|2019,
64d209ea-f674-40de-8146-1694e6298ee6,elena-vikentievna-romanova,Elena Vikentievna Romanova,Elena V. Romanova,romanova@illinois.edu,https://openalex.org/A5091277382,https://openalex.org/A5091277382,,92,STRONG,TRUE,2026|2025|2024|2023|2022|2021|2019|2018|2017|2016|2015|2014|2013|2012|2011|2010|2009|2008|2007|2006|2005|2004|2003|2001|2000|1999,
08687e1b-fe4d-49df-96fa-c95880fa43e8,elif-ertekin,Elif Ertekin,Elif Ertekin,ertekin@illinois.edu,https://openalex.org/A5061340418,https://openalex.org/A5061340418,,100,EXACT,TRUE,2026|2025|2024|2023|2022|2021|2020|2019|2018|2017|2016|2015|2014|2009|2008,
ba72c0cd-1b82-44fd-ac72-0ffaacb5574a,elisha-a-cohen,Elisha A Cohen,Elisha Cohen,eacohen3@illinois.edu,https://openalex.org/A5089648902,https://openalex.org/A5089648902,,88,STRONG,FALSE,,NO_UIUC_AFFILIATION
5f2d148e-2fb1-4780-8953-9a1a7fc665f1,elizabeth-ainsworth,Elizabeth Ainsworth,Elizabeth A. Ainsworth,ainswort@illinois.edu,,https://openalex.org/A5090807521,,100,EXACT,TRUE,2026|2025|2024|2023|2022|2021|2020|2019|2018|2017|2016|2015|2014|2013|2012|2011|2010|2009|2008|2007|2006|2005|2004|2003|2002,
63be7c2a-c9d2-475b-acb0-c4347bd80ca0,elizabeth-goldschmidt,Elizabeth Goldschmidt,,goldschm@illinois.edu,https://openalex.org/A5069246310,https://openalex.org/A5122396038,,,UNLINKED,,,OPENALEX_RECORD_NOT_FOUND
68ca7fde-5fbb-4068-830a-4ebb4dced706,elizabeth-t-hsiao-wecksler,Elizabeth T Hsiao-Wecksler,Elizabeth T. Hsiao‐Wecksler,ethw@illinois.edu,https://openalex.org/A5084784424,https://openalex.org/A5084784424,,100,EXACT,TRUE,2026|2025|2024|2023|2022|2021|2019|2018|2017|2016|2015|2014|2013|2012|2011|2010|2009|2008|2007|2006|2004,
96811111-41ec-43c3-b40d-308b8cd2083d,elizabeth-t-powers,Elizabeth T Powers,Elizabeth Powers,epowers@illinois.edu,https://openalex.org/A5033166535,https://openalex.org/A5033166535,,100,EXACT,TRUE,2024|2023|2022|2021|2019|2017|2015|2014|2011|2010|2009|2008|2007|2006|2005|2003|2002|2001|2000|1998|1995,
92dfb693-86a0-4438-94df-2b6864e33752,elsa-gunter,Elsa Gunter,Elsa L. Gunter,egunter@illinois.edu,,https://openalex.org/A5031194946,,100,EXACT,TRUE,2024|2021|2020|2019|2018|2016|2014|2013|2012|2011|2010|2009|2008|2007|2006|2005,
921c500a-0691-40b6-a082-9bbd1c2d7a28,elvira-demejia,Elvira Demejia,Elvira González de Mejı́a,edemejia@illinois.edu,https://openalex.org/A5053384719,https://openalex.org/A5053384719,,88,STRONG,TRUE,2026|2025|2024|2023|2022|2021|2020|2019|2018|2017|2016|2015|2014|2013|2012|2011|2010|2009|2008|2007|2006|2005|2004|2003|2002,
e1361b02-4097-45d4-9c55-433ec51be163,elyse-rosenbaum,Elyse Rosenbaum,Elyse Rosenbaum,elyse@illinois.edu,,https://openalex.org/A5019748322,,100,EXACT,TRUE,2026|2025|2024|2023|2022|2021|2020|2019|2018|2017|2016|2015|2014|2013|2012|2011|2010|2009|2008|2007|2006|2005|2004|2003|2002|2001|2000|1999|1998|1997|1996|1995|1993,
b8be42e1-1744-48c8-a4b4-959735107b40,emad-tajkhorshid,Emad Tajkhorshid,Emad Tajkhorshid,emad@illinois.edu,https://openalex.org/A5087810793,https://openalex.org/A5087810793,,100,EXACT,TRUE,2026|2025|2024|2023|2022|2021|2020|2019|2018|2017|2016|2015|2014|2013|2012|2011|2010|2009|2008|2007|2006|2005|2004|2003|2002|2001|2000,
987dc4f9-2195-4950-a476-2f40d9d3d537,emerson-sebastiao,Emerson Sebastiao,Émerson Sebastião,esebast2@illinois.edu,https://openalex.org/A5023640647,https://openalex.org/A5023640647,,100,EXACT,TRUE,2026|2025|2024|2023|2018|2017|2016|2015|2014|2013|2012,
8280ad88-eb74-4bfb-8412-d86efb8e56b2,emily-heaton,Emily Heaton,,heaton6@illinois.edu,https://openalex.org/A5062408316,https://openalex.org/A5139907621,,,UNLINKED,,,OPENALEX_RECORD_NOT_FOUND
e579e793-8621-4c23-b411-a3ac847726f5,emily-joyce-magdelyn-knox,Emily Joyce Magdelyn Knox,Emily J. M. Knox,knox@illinois.edu,https://openalex.org/A5057674836,https://openalex.org/A5057674836,,96,STRONG,TRUE,2025|2024|2023|2022|2020|2019|2017|2015|2014|2013,
76366ce6-5700-495d-8501-056fe44049df,erhan-kudeki,Erhan Kudeki,Erhan Kudeki,erhan@illinois.edu,,https://openalex.org/A5011019265,,100,EXACT,TRUE,2026|2025|2023|2022|2020|2019|2017|2015|2014|2013|2012|2011|2010|2009|2008|2007|2006|2005|2004|2003|2002|2001|2000|1999|1998|1995|1993|1992|1991|1990|1987|1986,
a91d1335-90d2-47fa-a76e-04660e8423ef,eric-benson,Eric Benson,,ebenson@illinois.edu,https://openalex.org/A5083132337,https://openalex.org/A5124053260,,,UNLINKED,,,OPENALEX_RECORD_NOT_FOUND
a1964437-e48c-4570-8204-a0a0379e190e,eric-oldfield,Eric Oldfield,Eric Oldfield,eoldfiel@illinois.edu,,https://openalex.org/A5080397665,,100,EXACT,TRUE,2026|2025|2024|2023|2022|2021|2020|2019|2018|2017|2016|2015|2014|2013|2012|2011|2010|2009|2008|2007|2006|2005|2004|2003|2002|2001|2000|1999|1998|1997|1996|1995|1994|1993|1992|1991|1990|1989|1988|1987|1986|1985|1984|1983|1982|1981|1980|1979|1978|1976,
b5b05527-6734-4b6b-8710-46e66a2056f9,eric-r-larson,Eric R Larson,Eric R. Larson,erlarson@illinois.edu,https://openalex.org/A5082046729,https://openalex.org/A5082046729,,100,EXACT,TRUE,2026|2025|2024|2023|2022|2021|2020|2019|2018|2017|2016|2015,
6456ec2d-9f62-4299-ade0-a239eae0f1ac,erik-j-sacks,Erik J Sacks,Erik J. Sacks,esacks@illinois.edu,,https://openalex.org/A5084131482,,100,EXACT,TRUE,2026|2025|2024|2023|2022|2021|2020|2019|2018|2017|2016|2015|2014|2013|2012|2010,
2c490303-8502-4030-ace4-8aa779b00c04,erik-nelson,Erik Nelson,Erik Russell Nelson,enels@illinois.edu,https://openalex.org/A5014609535,https://openalex.org/A5014609535,,100,EXACT,TRUE,2026|2025|2024|2023|2022|2021|2020|2019|2018|2017|2016|2015|2014,
b9acf753-65d0-46b7-8937-2f879ce71ec3,erol-tutumluer,Erol Tutumluer,Erol Tutumluer,tutumlue@illinois.edu,,https://openalex.org/A5026006206,,100,EXACT,TRUE,2026|2025|2024|2023|2022|2021|2020|2019|2018|2017|2016|2015|2014|2013|2012|2011|2010|2009|2008|2007|2006|2005|2004|2003|2002|2001|2000|1999|1998|1997|1996,
1eb9628b-6c1a-4746-964b-523c1d3e1d60,eugene-lerman,Eugene Lerman,Eugene Lerman,lerman@illinois.edu,https://openalex.org/A5055475308,https://openalex.org/A5055475308,,100,EXACT,TRUE,2024|2023|2020|2019|2018|2016|2015|2014|2013|2012|2011|2010|2008|2005|2004|2003|2002|2001|2000|1999|1998|1997|1996|1995,
dcd72a26-9744-4a6e-a7a2-627213076815,eun-jeong-cha,Eun Jeong Cha,Eun Jeong,ejcha@illinois.edu,,https://openalex.org/A5100776426,,100,EXACT,TRUE,2026|2025|2024|2022|2021|2020|2019|2018|2015,
8530e60e-1546-4ef0-a259-9687501dc91e,eva-marie-pomerantz,Eva Marie Pomerantz,Eva M. Pomerantz,pomerntz@illinois.edu,https://openalex.org/A5001608103,https://openalex.org/A5001608103,,92,STRONG,TRUE,2026|2025|2024|2022|2021|2020|2019|2018|2017|2016|2015|2014|2013|2012|2011|2010|2009|2008|2007|2006|2005|2004|2003|2002|2001|2000|1998|1997|1995,
6d04af8c-95cc-4697-8a02-72ea1d44e7f8,fahad-mahmood,Fahad Mahmood,Fahad Mahmood,fahad@illinois.edu,https://openalex.org/A5036154777,https://openalex.org/A5036154777,,100,EXACT,TRUE,2025|2024|2023|2022|2021,
fa590cdd-fcf9-46d2-ac90-37c40378999c,faranak-miraftab,Faranak Miraftab,Faranak Miraftab,faranak@illinois.edu,,https://openalex.org/A5091377191,,100,EXACT,TRUE,2024|2022|2021|2020|2019|2016|2012|2011|2009|2008|2007|2006|2005|2004|2001|1999,
4afe2412-366b-4479-9d9c-e6ff45d5f164,farzad-kamalabadi,Farzad Kamalabadi,Farzad Kamalabadi,farzadk@illinois.edu,https://openalex.org/A5048495190,https://openalex.org/A5048495190,,100,EXACT,TRUE,2026|2025|2024|2023|2022|2021|2020|2019|2018|2017|2016|2015|2014|2013|2012|2011|2010|2009|2008|2007|2006|2005|2004|2003|2002,
920d4e02-42bc-4da9-96ae-bb8166f72194,fatima-t-husain,Fatima T Husain,Fatima Tazeena Husain,husainf@illinois.edu,https://openalex.org/A5033300372,https://openalex.org/A5033300372,,100,EXACT,TRUE,2026|2025|2024|2023|2022|2021|2020|2019|2018|2017|2016|2015|2014|2013|2012|2011|2010|2009,
cf3c46a5-db67-4485-914e-af065e4ae2b2,faye-v-harrison,Faye V Harrison,Faye V Harrison,fvharrsn@illinois.edu,,https://openalex.org/A5001278077,,100,EXACT,TRUE,2025|2024|2022|2021|2020|2019|2018|2017|2016,
07415107-846a-452e-9708-58abe957f390,federico-a-zuckermann,Federico A Zuckermann,Federico A. Zuckermann,fazaaa@illinois.edu,https://openalex.org/A5013943720,https://openalex.org/A5013943720,,100,EXACT,TRUE,2026|2025|2024|2023|2022|2021|2020|2017|2016|2015|2014|2012|2011|2010|2009|2008|2007|2005|2004|2003|2002|2001|2000|1999|1998|1997|1996|1995|1994|1992|1991,
c006d770-bf7f-4d9c-aaeb-2be0aed54673,flavia-cristina-drumond-andrade,Flavia Cristina Drumond Andrade,Flávia Cristina Drumond Andrade,fandrade@illinois.edu,https://openalex.org/A5034752959,https://openalex.org/A5034752959,,100,EXACT,TRUE,2026|2025|2024|2023|2022|2021|2020|2019|2018|2017|2016|2015|2014|2013|2012|2011|2010|2009,
4ca660d2-645f-423b-803d-44c9e19ffbcd,florin-dolcos,Florin Dolcos,Florin Dolcos,fdolcos@illinois.edu,https://openalex.org/A5006390763,https://openalex.org/A5006390763,,100,EXACT,TRUE,2026|2025|2024|2023|2022|2021|2020|2019|2018|2017|2016|2015|2014|2013|2012|2011|2010,
cdd45840-afcb-45d5-99c5-4c5effce8aa2,francesco-panerai,Francesco Panerai,Francesco M. Panerai,fpanerai@illinois.edu,https://openalex.org/A5027907797,https://openalex.org/A5027907797,,100,EXACT,TRUE,2026|2025|2024|2023|2022|2021|2020|2019|2018,
18e9982f-3099-43d2-9e2b-ec02daf0ec67,francina-dominguez,Francina Dominguez,Francina Domínguez,francina@illinois.edu,https://openalex.org/A5022782945,https://openalex.org/A5022782945,,100,EXACT,TRUE,2026|2025|2024|2023|2022|2021|2020|2019|2018|2017|2016|2015|2009|2008|2006|2005,
a34375ec-d8a9-4e46-9323-087c07d21916,franklin-t-lombardo,Franklin T Lombardo,Franklin T. Lombardo,lombaf@illinois.edu,https://openalex.org/A5017411681,https://openalex.org/A5017411681,,100,EXACT,TRUE,2026|2025|2024|2023|2021|2020|2019|2018|2017|2016,
6dda49fc-aaf8-479b-b079-78d6a022454f,frederick-e-below,Frederick E Below,Frederick E. Below,fbelow@illinois.edu,,https://openalex.org/A5036537214,,100,EXACT,TRUE,2026|2025|2024|2023|2022|2021|2020|2019|2018|2017|2015|2014|2013|2012|2010|2009|2008|2006|2004|2003|2001|2000|1998|1996|1995|1994|1993|1992|1991|1990|1989|1987|1985|1984|1981|1980,
5158491a-ecd8-43e4-aed9-568c3e1453e2,fritz-drasgow,Fritz Drasgow,Fritz Drasgow,fdrasgow@illinois.edu,,https://openalex.org/A5062569695,,100,EXACT,TRUE,2025|2024|2023|2021|2020|2019|2018|2017|2016|2015|2014|2013|2012|2011|2010|2009|2008|2007|2006|2005|2004|2003|2002|2001|2000|1999|1998|1997|1996|1995|1994|1993|1992|1991|1990|1989|1988|1987|1986|1985|1984|1983|1982|1981|1979|1978,
e926b0ac-3eb7-44d3-ad24-e85eea56a12b,g-peters,G Peters,Gretchen Peters,baronp@illinois.edu,,https://openalex.org/A5020497444,,100,EXACT,TRUE,2015|1997|1992|1984|1983,
1a6acc63-ed40-4672-b202-3a5de507e244,gabriel-juarez,Gabriel Juarez,Gabriel Juárez,gjuarez@illinois.edu,https://openalex.org/A5076109575,https://openalex.org/A5076109575,,100,EXACT,TRUE,2026|2025|2024|2023|2022|2021|2020|2019,
71844e43-621b-487e-bae9-488172d2c81a,gabriel-solis,Gabriel Solis,Gabriel Solis,gpsolis@illinois.edu,,https://openalex.org/A5083701282,,100,EXACT,TRUE,2022|2019|2018|2017|2014|2012|2010|2007|2005,
d97e8336-46f6-4a6b-8dd1-540563e5222c,gabriele-gratton,Gabriele Gratton,Gabriele Gratton,grattong@illinois.edu,https://openalex.org/A5023204162,https://openalex.org/A5023204162,,100,EXACT,TRUE,2026|2025|2024|2023|2022|2021|2020|2019|2018|2017|2016|2015|2014|2013|2012|2011|2010|2009|2008|2007|2006|2005|2004|2003|2001|1992|1991|1990|1989|1988|1986|1983,
a80b364d-b7ee-4cca-aa36-48424d048840,gagandeep-singh,Gagandeep Singh,Gagandeep Singh,ggnds@illinois.edu,https://openalex.org/A5100760604,https://openalex.org/A5100760604,,100,EXACT,TRUE,2026|2025|2024|2023|2022|2021,
72acbb53-a52c-45bf-b95f-f4822777800f,gang-wang,Gang Wang,Gang Wang,gangw@illinois.edu,https://openalex.org/A5100367418,https://openalex.org/A5100367418,,100,EXACT,TRUE,2024|2023|2022|2021|2020|2019|2008,
e47f94c0-a0bd-4078-aabb-55d866539854,gary-j-olsen,Gary J Olsen,Gary J. Olsen,gjo@illinois.edu,,https://openalex.org/A5105367697,,100,EXACT,TRUE,2026|2025|2022|2019|2018|2016|2015|2013|2012|2011|2010|2009|2008|2007|2006|2004|2003|2002|2001|2000|1999|1998|1997|1996|1994|1993|1992|1991|1990|1989,
76b03adc-e62a-4893-af9f-24b10f2b1a01,gaurav-bahl,Gaurav Bahl,Gaurav Bahl,bahl@illinois.edu,https://openalex.org/A5026244625,https://openalex.org/A5026244625,,100,EXACT,TRUE,2026|2025|2024|2023|2022|2021|2020|2019|2018|2017|2016|2015|2014|2013|2012,
363f7692-6c19-4eea-815b-6e9e16489259,gautham-narayan,Gautham Narayan,Gautham Narayan,gsn@illinois.edu,https://openalex.org/A5003296263,https://openalex.org/A5003296263,,100,EXACT,TRUE,2026|2025|2024|2023|2022|2021|2020|2019,
7fd510fc-46dd-446d-80d3-4ad3ff5a3bd7,gay-miller,Gay Miller,G. Y. Miller,gymiller@illinois.edu,https://openalex.org/A5113808252,https://openalex.org/A5113808252,,88,STRONG,TRUE,2015|2012|2007|1999,
47783120-2331-497b-a666-d29b176b8525,gee-lau,Gee Lau,Gee W. Lau,geelau@illinois.edu,https://openalex.org/A5043947623,https://openalex.org/A5043947623,,100,EXACT,TRUE,2026|2025|2024|2023|2022|2021|2020|2019|2018|2016|2015|2014|2013|2012|2011|2010|2009|2008|2007,
cd88dba9-4842-4377-8d20-a54fec914aab,geir-dullerud,Geir Dullerud,Geir E. Dullerud,dullerud@illinois.edu,,https://openalex.org/A5061952552,,100,EXACT,TRUE,2025|2024|2023|2022|2021|2020|2019|2018|2017|2016|2015|2014|2013|2012|2011|2010|2009|2008|2007|2006|2005|2004|2003|2002|2001|2000|1999,
2986478f-6bb0-4aec-bd41-0f3bfae0e867,gene-e-robinson,Gene E Robinson,Gene E. Robinson,generobi@illinois.edu,https://openalex.org/A5081237251,https://openalex.org/A5081237251,,100,EXACT,TRUE,2026|2025|2024|2023|2022|2021|2020|2019|2018|2017|2016|2015|2014|2013|2012|2011|2010|2009|2008|2007|2006|2005|2004|2003|2002|2001|2000|1999|1998|1997|1996|1995|1994|1993|1992|1991|1990|1951,
0f086ea0-47b5-46c3-8563-3e75826d611c,geoffrey-j-d-hewings,Geoffrey J D Hewings,Geoffrey J. D. Hewings,hewings@illinois.edu,https://openalex.org/A5059830347,https://openalex.org/A5059830347,,100,EXACT,TRUE,2026|2025|2024|2023|2022|2021|2020|2019|2018|2017|2016|2015|2014|2013|2012|2011|2010|2009|2008|2007|2006|2005|2004|2003|2002|2001|2000|1999|1998|1997|1996|1995|1994|1993|1992|1991|1990|1989|1988|1987|1986|1985|1984|1983|1982|1981|1977|1975,
3f4757e1-10f0-42b8-b8b0-3b4f99f1bc93,geoffrey-lindsay-herman,Geoffrey Lindsay Herman,Geoffrey L. Herman,glherman@illinois.edu,https://openalex.org/A5038676484,https://openalex.org/A5038676484,,92,STRONG,TRUE,2026|2025|2024|2023|2022|2021|2020|2019|2018|2017|2016|2015|2014|2013|2012|2011|2010|2009|2008|2007,
cd0df484-0514-45e7-ba0a-57863fd985ee,george-deltas,George Deltas,George Deltas,deltas@illinois.edu,,https://openalex.org/A5015255084,,100,EXACT,TRUE,2026|2025|2024|2023|2022|2021|2020|2019|2018|2016|2015|2014|2013|2012|2011|2010|2009|2008|2007|2006|2005|2004|2003|2002|2001|2000|1999,
ef2476d9-f37b-48f2-ba06-a6e4a83a1483,george-gollin,George Gollin,G. D. Gollin,g-gollin@illinois.edu,https://openalex.org/A5113454290,https://openalex.org/A5113454290,,100,EXACT,TRUE,2025|2015|2013|2009|2007|2006|2005|2004|2003|2002|2001|2000|1999|1998|1997|1996|1995|1994|1993|1991,
91d23957-beea-465f-90ef-ff35c4d984aa,george-gross,George Gross,George Gross,gross@illinois.edu,,https://openalex.org/A5112353096,,100,EXACT,TRUE,2020|2017|2016|2015|2014|2013|2011|2010|2009|2008|2007|2006|2005|2004|2003|2002|2001|2000|1999|1998|1997|1995,
b7ba69de-62d1-4d14-b781-06211cb0a2db,george-miley,George Miley,GEORGE MILEY,ghmiley@illinois.edu,,https://openalex.org/A5113732144,,100,EXACT,TRUE,2025|2021|2020|2006,
75d24805-5c96-478e-a7eb-16c87120bc45,gerald-f-dejong,Gerald F DeJong,GERALD F. DEJONG,mrebl@illinois.edu,,https://openalex.org/A5043767069,,100,EXACT,TRUE,2017|2014|2012|2011|2010|2009|2008|2007|2006|2005|2003|2001|1999|1997|1996|1995|1994|1993|1992|1991|1990|1989|1988|1987|1986|1985|1983|1982|1981,
abbcc81e-e411-4c0c-a81d-b470c2ccd320,german-a-bollero,German A Bollero,Germán A. Bollero,gbollero@illinois.edu,,https://openalex.org/A5015518216,,100,EXACT,TRUE,2022|2021|2020|2019|2018|2017|2016|2015|2014|2013|2012|2011|2010|2009|2008|2006|2005|2004|2003|2002|2001|2000|1999|1996|1994,
42be4282-0766-4fc9-95d2-21e7e66d289e,gholamreza-mesri,Gholamreza Mesri,Gholamreza Mesri,gmesri@illinois.edu,https://openalex.org/A5005448885,https://openalex.org/A5005448885,,100,EXACT,TRUE,2024|2022|2021|2019|2018|2017|2016|2015|2014|2013|2012|2011|2009|2007|2006|2005|2004|2003|2002|2000|1999|1997|1995|1994|1993|1992|1990|1989|1988|1987|1986|1985|1983|1981|1979|1978|1977|1976|1975|1974|1973|1972|1971|1970,
ec9a72bc-8e30-4d94-87f7-062e2d6220b9,gilbert-holder,Gilbert Holder,,gholder@illinois.edu,https://openalex.org/A5042189570,https://openalex.org/A5137035502,,,UNLINKED,,,OPENALEX_RECORD_NOT_FOUND
021c43e4-6e4d-476f-9707-d8cea8cd8a07,girish-chowdhary,Girish Chowdhary,Girish Vinayak Chowdhary,girishc@illinois.edu,https://openalex.org/A5073739058,https://openalex.org/A5073739058,,100,EXACT,TRUE,2026|2025|2024|2023|2022|2021|2020|2019|2018|2017|2016,
ac17097d-8514-48a6-8471-b1a042f2897b,girish-krishnan,Girish Krishnan,Girish Krishnan,gkrishna@illinois.edu,,https://openalex.org/A5050432620,,100,EXACT,TRUE,2026|2025|2024|2023|2022|2021|2020|2019|2018|2017|2016|2015|2014,
527fc176-809e-4548-9792-a56655aa15d4,gokhan-tur,Gokhan Tur,Gökhan Tür,gokhan@illinois.edu,https://openalex.org/A5087941479,https://openalex.org/A5087941479,,100,EXACT,TRUE,2026|2025|2024,
635f4972-7afc-4995-8ab6-fe7c5a2c98e0,gregory-h-underhill,Gregory H Underhill,Gregory H. Underhill,gunderhi@illinois.edu,,https://openalex.org/A5004150149,,100,EXACT,TRUE,2026|2025|2024|2023|2022|2021|2020|2019|2018|2017|2016|2014|2012,
8a953ac7-f68a-4444-9701-6b5ca4b0978a,gregory-s-elliott,Gregory S Elliott,Gregory Elliott,elliottg@illinois.edu,,https://openalex.org/A5044198101,,100,EXACT,TRUE,2026|2025|2024|2023|2022|2021|2020|2019|2018|2017|2016|2015|2014|2013|2012|2011|2010|2009|2008|2007|2006|2005|2004|2003,
486ba993-f3f9-4f20-ad25-fc616edc3018,gregory-s-girolami,Gregory S Girolami,Gregory S. Girolami,ggirolam@illinois.edu,https://openalex.org/A5071024897,https://openalex.org/A5071024897,,100,EXACT,TRUE,2026|2025|2024|2023|2022|2021|2020|2019|2018|2017|2016|2015|2014|2013|2012|2011|2010|2009|2008|2007|2006|2005|2004|2003|2002|2001|2000|1999|1998|1997|1996|1995|1994|1993|1992|1990|1989|1988|1987,
7e1275f3-f761-401a-8916-d56491992ea0,grigore-rosu,Grigore Rosu,Grigore Roşu,grosu@illinois.edu,,https://openalex.org/A5053878331,,100,EXACT,TRUE,2026|2025|2024|2023|2022|2021|2020|2019|2018|2017|2016|2015|2014|2013|2012|2011|2010|2009|2008|2007|2006|2005|2004|2003|2002|2000,
da7de314-56c8-4074-bd9c-2f916bca1d48,gul-a-agha,Gul A Agha,Gul Agha,agha@illinois.edu,,https://openalex.org/A5076315769,,100,EXACT,TRUE,2026|2025|2023|2022|2021|2020|2019|2018|2017|2016|2015|2014|2013|2012|2011|2010|2009|2008|2007|2006|2005|2004|2003|2002|2001|1999|1998|1997|1996|1995|1994|1993|1992|1991|1990,
d15ed6f1-0fc5-4e0c-b2cd-67ce1b3b0715,gustavo-caetano-anolles,Gustavo Caetano-Anolles,Gustavo Caetano‐Anollés,gca@illinois.edu,https://openalex.org/A5026404241,https://openalex.org/A5026404241,,100,EXACT,TRUE,2026|2025|2024|2023|2022|2021|2020|2019|2018|2017|2016|2015|2014|2013|2012|2011|2010|2009|2008|2007|2006|2005,
91d55dc3-015e-45c4-8d81-ee5aeff89e35,hadi-meidani,Hadi Meidani,Hadi Meidani,meidani@illinois.edu,,https://openalex.org/A5029449849,,100,EXACT,TRUE,2026|2025|2024|2023|2022|2021|2020|2019|2018|2017|2016,
0da22f7f-c1ac-445e-a71a-267a77088cd0,hadi-s-esfahani,Hadi S Esfahani,Hadi Salehi Esfahani,esfahani@illinois.edu,https://openalex.org/A5017732409,https://openalex.org/A5017732409,,100,EXACT,TRUE,2024|2023|2022|2019|2016|2014|2013|2012|2011|2010|2009|2007|2006|2005|2004|2003|2002|2001|2000|1999|1998|1997|1996|1995|1994|1993|1991|1989|1988|1987|1986,
144680f3-2bd6-45ab-98cb-9a52617403ff,haitham-al-hassanieh,Haitham Al-Hassanieh,Haitham Hassanieh,haitham@illinois.edu,https://openalex.org/A5068150550,https://openalex.org/A5068150550,,100,EXACT,TRUE,2022|2021|2020|2019|2018|2017|2016,
f4a62f20-71b3-4cef-9391-8c3b07baa355,halil-kilicoglu,Halil Kilicoglu,Halil Kilicoglu,halil@illinois.edu,https://openalex.org/A5016571803,https://openalex.org/A5016571803,,100,EXACT,TRUE,2026|2025|2024|2023|2022|2021|2020|2017,
25d401e9-b4ba-4af5-859c-0920ab68230a,han-zhao,Han Zhao,Han Zhao,hanzhao@illinois.edu,https://openalex.org/A5101575772,https://openalex.org/A5101575772,,100,EXACT,TRUE,2024|2023|2022|2021|2020|2019,
7a805127-d993-4f1b-a23d-f26358c6e204,hanghang-tong,Hanghang Tong,Hanghang Tong,htong@illinois.edu,https://openalex.org/A5068043486,https://openalex.org/A5068043486,,100,EXACT,TRUE,2026|2025|2024|2023|2022|2021|2020|2019,
79b4ef96-77c7-4c01-a95a-a5362276f439,hannah-diane-holscher,Hannah Diane Holscher,Hannah D. Holscher,hholsche@illinois.edu,,https://openalex.org/A5073393224,,100,EXACT,TRUE,2026|2025|2024|2023|2022|2021|2020|2019|2018|2017|2016|2015|2014|2012|2011,
3a33014d-c643-496f-b68d-b2385000ad6a,hans-friedrich-koehn,Hans Friedrich Koehn,Hans-Friedrich Koehn,hkoehn@illinois.edu,https://openalex.org/A5098168462,https://openalex.org/A5098168462,,100,EXACT,TRUE,2006,
d0f443d2-41df-4c8d-ae9b-a74812a44f2a,hans-stein,Hans Stein,Hans Stein,hstein@illinois.edu,,https://openalex.org/A5109359268,,100,EXACT,TRUE,2025,
6ee52548-de89-43a9-971c-3ab184eaef14,hao-feng,Hao Feng,Hao Feng,haofeng@illinois.edu,https://openalex.org/A5100740862,https://openalex.org/A5100740862,,100,EXACT,TRUE,2024|2023|2022|2021|2020|2019|2018|2017|2016|2015|2014|2013|2012|2011|2010|2009|2008|2007|2006|2005|2004|2003|2002|2001,
661599ac-9040-44a2-b6ac-a217a4c5336f,hao-peng,Hao Peng,Huei Peng,haopeng@illinois.edu,https://openalex.org/A5019025642,https://openalex.org/A5019025642,,80,REVIEW,TRUE,2001,NAME_REVIEW
75c0da47-de57-4764-926d-65fdd6f05c5d,hari-sundaram,Hari Sundaram,Hari Sundaram,hs1@illinois.edu,https://openalex.org/A5018532037,https://openalex.org/A5018532037,,100,EXACT,TRUE,2026|2025|2024|2023|2022|2021|2020|2019|2018|2017|2016|2015,
36c79f0e-ba0a-4c2d-a6f7-d1b5789e2de2,harley-t-johnson,Harley T Johnson,Harley T. Johnson,htj@illinois.edu,https://openalex.org/A5063163251,https://openalex.org/A5063163251,,100,EXACT,TRUE,2026|2025|2024|2023|2022|2021|2020|2019|2018|2017|2016|2015|2014|2013|2012|2011|2010|2009|2008|2007|2006|2005|2004|2003|2002,
5de94c55-ef68-4143-a9bd-b95f66e061e3,harriet-lisa-murav,Harriet Lisa Murav,Harriet Murav,hlmurav@illinois.edu,,https://openalex.org/A5062721475,,100,EXACT,TRUE,2024|2022|2020|2019|2018|2015|2014|2012|2011|2010|2009|2007|2006|2005|2003,
2521492e-a730-41eb-b355-fb885db70061,harrison-hyung-min-kim,Harrison Hyung Min Kim,Harrison Kim,hmkim@illinois.edu,https://openalex.org/A5100689986,https://openalex.org/A5100689986,,100,EXACT,TRUE,2025|2024|2023|2022|2021|2020|2019|2018|2017|2016|2015|2014|2013|2012|2011|2010|2009|2008|2007|2006|2005,
48242ee7-49a9-4a4b-8e4c-1eafa51c6a97,hee-jung-chung,Hee Jung Chung,Hee Jung Chung,chunghj@illinois.edu,https://openalex.org/A5007530963,https://openalex.org/A5007530963,,100,EXACT,TRUE,2026|2025|2024|2023|2022|2021|2020|2019|2018|2017|2016|2015|2014,
e415dbae-db17-400b-a2b5-8f0865f9667e,heidi-phillips,Heidi Phillips,HEIDI S. PHILLIPS,philli@illinois.edu,,https://openalex.org/A5035428424,,100,EXACT,TRUE,2026|2025|2024|2023|2022|2021|2020|2019|2018|2017|2016|2015,
158d16d4-3d60-439e-858e-1db2f900b26f,helaine-i-silverman,Helaine I Silverman,Helaine Silverman,helaine@illinois.edu,https://openalex.org/A5110497344,https://openalex.org/A5110497344,,88,STRONG,TRUE,2021|2020|2017|2016|2015|2014|2013|2012|2011|2010|2009|2008|2007|2006|2005|2004|2003|2002|2001|1999|1997|1996|1995|1994|1993|1991,
aae96e1c-1a6d-4896-85a7-6f7659fab646,helen-neville,Helen Neville,Helen A. Neville,hneville@illinois.edu,,https://openalex.org/A5076821837,,100,EXACT,TRUE,2026|2025|2024|2023|2022|2021|2020|2019|2018|2017|2016|2015|2014|2013|2012|2011|2010|2009|2008|2006|2005|2004,
08cdf7ee-d093-4d3e-a87c-7e178a11c80a,helga-varden,Helga Varden,Helga Varden,hvarden@illinois.edu,https://openalex.org/A5084714613,https://openalex.org/A5084714613,,100,EXACT,TRUE,2026|2025|2024|2023|2022|2021|2020|2018|2017|2016|2015|2014|2012|2011|2010|2009|2008,
044252a4-e92d-47f6-afcc-0f69435b94ed,heng-ji,Heng Ji,Heng Ji,hengji@illinois.edu,https://openalex.org/A5075033889,https://openalex.org/A5075033889,,100,EXACT,TRUE,2026|2025|2024|2023|2022|2021|2020|2019,
1122e038-7ab0-41a2-9d8d-1db7c50bd59b,henrique-m-reis,Henrique M Reis,H. L. M. Dos Reis,h-reis@illinois.edu,https://openalex.org/A5112182074,https://openalex.org/A5112182074,,92,STRONG,TRUE,2019|2014|2002|1999|1998|1992|1988,
8528b4bd-453a-40bc-8d3a-160d9ebedabe,herman-krier,Herman Krier,Herman Krier,krier@illinois.edu,https://openalex.org/A5014548670,https://openalex.org/A5014548670,,100,EXACT,TRUE,2022|2021|2019|2018|2016|2015|2014|2013|2012|2011|2010|2009|2008|2007|2006|2005|2004|2003|2002|2001|2000|1999|1998|1997|1996|1995|1994|1993|1992|1991|1990|1989|1988|1987|1986|1985|1984|1983|1982|1981|1979|1978|1976|1975|1974|1973|1972,
46415f31-5475-43cd-afb9-b40db17b8811,hong-chen,Hong Chen,Hong Chen,hongchen@illinois.edu,https://openalex.org/A5100420397,https://openalex.org/A5100420397,,100,EXACT,TRUE,2026|2025|2024|2023|2022|2021|2020|2019|2018|2017|2016|2015|2014|2013|2012|2011|2010|2008|2007,
600a14e1-ddb9-4d6c-aeee-12d9b406d055,hong-yang,Hong Yang,Hong Wei Yang,hy66@illinois.edu,https://openalex.org/A5078052958,https://openalex.org/A5078052958,,100,EXACT,TRUE,2026|2025|2024|2023|2022|2021|2020|2019|2018|2017|2016|2015|2014|2013|2012,
d71c5f8c-2d59-4757-9078-bccdde29e100,houtan-jebelli,Houtan Jebelli,Houtan Jebelli,hjebelli@illinois.edu,,https://openalex.org/A5035070058,,100,EXACT,TRUE,2026|2025|2024|2023,
498e7f4c-c2a9-4822-a509-ea33b01f0fa3,howard-berenbaum,Howard Berenbaum,Howard Berenbaum,hberenba@illinois.edu,https://openalex.org/A5011809490,https://openalex.org/A5011809490,,100,EXACT,TRUE,2026|2025|2024|2023|2022|2021|2020|2019|2018|2016|2015|2014|2013|2012|2011|2010|2009|2008|2007|2006|2005|2004|2003|2002|2001|1999|1998|1997|1996|1995|1994|1993|1992|1990|1988,
d6bf872c-d174-4c4e-adde-715026d1280d,hua-wang,Hua Wang,Hua Wang,huawang3@illinois.edu,https://openalex.org/A5100403933,https://openalex.org/A5100403933,,100,EXACT,TRUE,2026|2025|2024|2023|2022|2021|2020|2019|2018|2017|2016|2015|2013|2007|2006|2004,
6b1a4aad-4421-491b-af65-670a045c885d,huck-beng-chew,Huck Beng Chew,Huck Beng Chew,hbchew@illinois.edu,,https://openalex.org/A5034381555,,100,EXACT,TRUE,2026|2025|2024|2023|2022|2021|2020|2019|2018|2017|2016|2015|2014|2013|2012,
393a0d3d-be07-4c3d-bb77-ef4b5a8b112c,huimin-zhao,Huimin Zhao,Huimin Zhao,zhao5@illinois.edu,https://openalex.org/A5014465828,https://openalex.org/A5014465828,,100,EXACT,TRUE,2026|2025|2024|2023|2022|2021|2020|2019|2018|2017|2016|2015|2014|2013|2012|2011|2010|2009|2008|2007|2006|2005|2004|2003|2002,
b2c6d335-094f-4919-9dca-08f36c60cb6f,huseyin-sehitoglu,Huseyin Sehitoglu,Hüseyin Şehitoğlu,huseyin@illinois.edu,https://openalex.org/A5072268797,https://openalex.org/A5072268797,,100,EXACT,TRUE,2026|2025|2024|2023|2022|2021|2020|2019|2018|2017|2016|2015|2014|2013|2012|2011|2010|2009|2008|2007|2006|2005|2004|2003|2002|2001|2000|1999|1998|1997|1996|1994|1993|1992|1991|1990|1989|1988|1987|1986|1985|1983|1979,
c69cc118-5fa4-42ea-93fd-eef00e3100a0,hyun-joon-kong,Hyun Joon Kong,Hyun Joon Kong,hjkong06@illinois.edu,,https://openalex.org/A5112073500,,100,EXACT,TRUE,2026|2025|2024|2023|2022|2021|2020|2018|2010|2009|2008|2007|2006,
0befe984-bbc2-4284-be92-f1bf60e8d8f7,hyungsoo-choi,Hyungsoo Choi,Hyungsoo Choi,hyungsoo@illinois.edu,https://openalex.org/A5078224371,https://openalex.org/A5078224371,,100,EXACT,TRUE,2025|2024|2023|2022|2020|2018|2017|2016|2015|2014|2013|2012|2010|2009|2008|2007|2006|2005|2004|2003|2002|2001|2000|1998|1996|1995,
f521e773-9e3c-4c1a-b020-c02974b4029d,ido-golding,Ido Golding,Ido Golding,igolding@illinois.edu,,https://openalex.org/A5057303748,,100,EXACT,TRUE,2026|2025|2024|2023|2022|2021|2020|2019|2016|2015|2014|2013|2012|2011|2010|2009|2008,
68af9a6f-274c-4a4d-8ef2-ae0646ae6a8a,igor-frederico-canisso,Igor Frederico Canisso,Igor F. Canisso,canisso@illinois.edu,,https://openalex.org/A5013675121,,100,EXACT,TRUE,2026|2025|2024|2023|2022|2021|2020|2019|2018|2017|2016|2015,
bae44ff6-f0aa-485d-b3ea-749fb7164aa4,ilia-g-denisov,Ilia G Denisov,Ilia G. Denisov,denisov@illinois.edu,,https://openalex.org/A5083285181,,100,EXACT,TRUE,2026|2025|2024|2023|2022|2021|2020|2019|2018|2017|2016|2015|2014|2013|2012|2011|2010|2009|2008|2007|2006|2005|2004|2003|2002|2001,
966b96ba-9229-4677-8f45-8274134b9bcd,imad-l-al-qadi,Imad L Al-Qadi,Imad L. Al‐Qadi,alqadi@illinois.edu,https://openalex.org/A5005958063,https://openalex.org/A5005958063,,100,EXACT,TRUE,2026|2025|2024|2023|2022|2021|2020|2019|2018|2017|2016|2015|2014|2013|2012|2011|2010|2009|2008|2007|2006|2005|2004,
ae44ab62-588b-44ad-8785-094388ab3e97,imanni-sheppard,Imanni Sheppard,,iks@illinois.edu,https://openalex.org/A5092448175,https://openalex.org/A5117571625,,,UNLINKED,,,OPENALEX_RECORD_NOT_FOUND
ed9289cf-7406-4cf2-ab2c-73d4a9853281,indrani-c-bagchi,Indrani C Bagchi,Indrani C. Bagchi,ibagchi@illinois.edu,,https://openalex.org/A5022400005,,100,EXACT,TRUE,2026|2025|2024|2023|2022|2021|2020|2019|2018|2017|2016|2015|2014|2013|2012|2011|2010|2009|2008|2007|2006|2005|2004|2003|2002,
ff630a17-e6f6-4a9a-8982-57d0a5d8397c,indranil-gupta,Indranil Gupta,Indranil Sen Gupta,indy@illinois.edu,https://openalex.org/A5027240302,https://openalex.org/A5027240302,,100,EXACT,TRUE,2026|2025|2024|2023|2022|2021|2020|2019|2018|2017|2016|2015|2014|2013|2012|2011|2010|2009|2008|2007|2006|2005|2004|2003,
5b9a333e-378d-42ca-ab64-b8e81de3a3f2,ioannis-chasiotis,Ioannis Chasiotis,Ioannis Chasiotis,chasioti@illinois.edu,,https://openalex.org/A5009373211,,100,EXACT,TRUE,2025|2023|2022|2021|2020|2019|2018|2017|2016|2015|2014|2013|2012|2011|2010|2009|2008|2007|2006|2005,
7a7f8b98-8c68-4aa8-8300-f8df5b2599e3,isaac-cann,Isaac Cann,Isaac Cann,icann@illinois.edu,https://openalex.org/A5033889855,https://openalex.org/A5033889855,,100,EXACT,TRUE,2026|2025|2024|2023|2022|2021|2020|2019|2018|2017|2016|2015|2014|2013|2012|2011|2010|2009|2008|2007|2006|2005|2004|2002|1999,
d0ddd862-fbae-4d9d-8618-5f9db4d8df95,ivan-dokmanic,Ivan Dokmanic,Ivan Dokmanić,dokmanic@illinois.edu,,https://openalex.org/A5002015062,,100,EXACT,TRUE,2026|2025|2024|2023|2022|2021|2020|2019|2018|2017,
f986fd23-7b19-4103-a099-23e3ce4fd389,iwona-m-jasiuk,Iwona M Jasiuk,Iwona Jasiuk,ijasiuk@illinois.edu,,https://openalex.org/A5004535893,,100,EXACT,TRUE,2026|2025|2024|2023|2022|2021|2020|2019|2018|2017|2016|2015|2014|2013|2012|2011|2010|2009|2008,
9fe22175-04e3-4a36-980b-646dc27f636c,j-stephen-downie,J. Stephen Downie,John Stephen Downie,jdownie@illinois.edu,,https://openalex.org/A5016957740,,100,EXACT,TRUE,2025|2024|2023|2022|2021|2020|2019|2018|2017|2016|2015|2014|2013|2012|2011|2010|2009|2008|2007|2006|2005|2004|2003|2002|2001|2000|1999,
baa64ec2-e63f-4c96-85d6-dbd1c8a47b49,jack-goncalo,Jack Goncalo,Jack Anthony Goncalo,goncalo@illinois.edu,,https://openalex.org/A5077790540,,100,EXACT,TRUE,2025|2024|2023|2022|2021|2020|2019|2018,
e684dc20-9a35-46a1-8889-d71870701cb8,jacob-covey,Jacob Covey,Jacob P. Covey,jcovey@illinois.edu,,https://openalex.org/A5035121973,,100,EXACT,TRUE,2026|2025|2024|2023|2022|2021,
f5771314-67b5-496c-a614-352a50ca5f49,jacob-j-sosnoff,Jacob J Sosnoff,Jacob J. Sosnoff,jsosnoff@illinois.edu,,https://openalex.org/A5031609471,,100,EXACT,TRUE,2024|2023|2022|2021|2020|2019|2018|2017|2016|2015|2014|2013|2012|2011|2010|2009|2008|2007|2006|2005,
d7bc464b-0660-4a61-8ed3-1a4543249fab,jaime-derringer,Jaime Derringer,Jaime L. Derringer,jderr@illinois.edu,,https://openalex.org/A5042220465,,100,EXACT,TRUE,2026|2025|2024|2022|2021|2020|2019|2018|2017|2016|2015|2014,
39f7daff-e218-40a4-82f5-a3be2b80a765,jake-bowers,Jake Bowers,Jake Bowers,jwbowers@illinois.edu,https://openalex.org/A5090307961,https://openalex.org/A5090307961,,100,EXACT,TRUE,2025|2024|2022|2021|2019|2018|2017|2016|2014|2013|2012|2011|2009|2001,
cd0e9216-81ce-410f-9b03-129f202449ff,jaki-noronha-hostler,Jaki Noronha-Hostler,,jnorhos@illinois.edu,,,,,UNLINKED,,,NO_AUTHOR_LINK
65f0bf04-a4fc-41ad-b282-edce240b1452,james-a-imlay,James A Imlay,James A. Imlay,jimlay@illinois.edu,,https://openalex.org/A5079628041,,100,EXACT,TRUE,2026|2025|2024|2023|2022|2021|2020|2019|2018|2017|2016|2015|2014|2013|2012|2011|2010|2009|2008|2007|2006|2005|2004|2003|2002|2001|2000|1999|1998|1997|1996|1995|1994,
5820029f-152c-467b-b001-0269c103b2b3,james-allison,James Allison,James T. Allison,jtalliso@illinois.edu,https://openalex.org/A5085924995,https://openalex.org/A5085924995,,100,EXACT,TRUE,2026|2025|2024|2023|2022|2021|2020|2019|2018|2017|2016|2015|2014|2013|2012|2011,
d2abba17-e8f2-46bb-8998-1eb30ca082fe,james-f-lowe,James F Lowe,James  F. Lowe,jlowe@illinois.edu,,https://openalex.org/A5105023925,,100,EXACT,TRUE,2025|2024|2023|2022|2021|2020|2019|2018|2017|2016|2015|2006|2005|2003,
9a214ded-b750-4b98-879e-f81b8a90da42,james-gary-eden,James Gary Eden,James Gary Eden,jgeden@illinois.edu,,https://openalex.org/A5028351353,,100,EXACT,TRUE,2026|2025|2024|2023|2022|2021|2020|2019|2018|2017|2016|2015|2014|2013|2012|2011|2010|2009|2008|2007|2006|2005|2004|2003|2002|2001|2000|1999|1998|1997|1996|1995|1994|1993|1992|1991|1990|1989|1988|1987|1986|1985|1984|1983|1982|1981|1980|1979|1976|1973,
7244f83e-18c0-4fed-a935-28c4cb023aef,james-k-drackley,James K Drackley,J.K. Drackley,drackley@illinois.edu,,https://openalex.org/A5050603691,,100,EXACT,TRUE,2026|2025|2024|2023|2022|2021|2020|2019|2018|2017|2016|2015|2014|2013|2012|2011|2010|2009|2008|2007|2006|2005|2004|2003|2002|2001|2000|1999|1998|1997|1996|1995|1994|1993|1992|1991|1989,
033ff7b8-5071-498a-b308-fc4f5d15d67f,james-leonard-best,James Leonard Best,Jim Best,jimbest@illinois.edu,https://openalex.org/A5063274653,https://openalex.org/A5063274653,,100,EXACT,TRUE,2026|2025|2024|2023|2022|2021|2020|2019|2018|2017|2016|2015|2014|2013|2012|2011|2010|2009|2008|2007|2006,
a2aec821-5a5a-426e-8e0f-14e0ff56d7c2,james-mcclurg-slauch,James McClurg Slauch,James M. Slauch,slauch@illinois.edu,https://openalex.org/A5053650805,https://openalex.org/A5053650805,,92,STRONG,TRUE,2026|2025|2024|2023|2022|2021|2020|2019|2018|2017|2016|2015|2014|2013|2011|2010|2009|2008|2007|2006|2005|2004|2003|2002|2001|2000|1999|1997|1996|1994,
be42a407-2c4c-4eea-9122-3c4da9279cc5,james-michael-lafave,James Michael LaFave,James Michael LaFave,jlafave@illinois.edu,,https://openalex.org/A5032271758,,100,EXACT,TRUE,2026|2025|2024|2023|2022|2021|2020|2019|2018|2017|2016|2015|2014|2013|2012|2011|2010|2009|2008|2007|2006|2005|2004|2001,
f7c32068-1c5e-427f-a9b3-292db1e1971c,james-patrick-o-dwyer,James Patrick O'Dwyer,James P. O’Dwyer,jodwyer@illinois.edu,,https://openalex.org/A5019708820,,96,STRONG,TRUE,2025|2024|2023|2022|2021|2020|2019|2018|2017|2016|2015|2014|2013|2012,
770de65d-c6fc-4f61-ae03-d4cb8838870e,james-robert-brennan,James Robert Brennan,James Robert Brennan,jbrennan@illinois.edu,,https://openalex.org/A5107245723,,100,EXACT,TRUE,2024|2023|2022|2021|2020|2019|2018|2017|2016|2015|2014|2013|2011|2009|2008,
a144ee3d-7679-43ff-8f00-715ddaa3bfc9,james-robert-miller,James Robert Miller,Robert James Miller,jrmillr@illinois.edu,,https://openalex.org/A5085326552,,98,EXACT,FALSE,,NO_UIUC_AFFILIATION
efde64ae-c522-4839-a8ce-d7683085f5de,james-ryan-lamare,James Ryan Lamare,James W. Lamare,rlamare@illinois.edu,,https://openalex.org/A5045257271,,0,HIGH_RISK,TRUE,2015,NAME_HIGH_RISK
01000bbf-2ab8-46b6-aa67-3867b0eab828,james-w-dalling,James W Dalling,James W. Dalling,dalling@illinois.edu,https://openalex.org/A5138721711,https://openalex.org/A5138721711,,100,EXACT,TRUE,2026,
18356c3c-8352-4392-a50e-9d865a667904,jana-diesner,Jana Diesner,Jana Diesner,jdiesner@illinois.edu,https://openalex.org/A5025085845,https://openalex.org/A5025085845,,100,EXACT,TRUE,2026|2025|2024|2023|2022|2021|2020|2019|2018|2017|2016|2015|2014|2013|2012|2008|2005,
0bf96d87-4dd5-4e2b-b2d5-c129a6fb65c8,jane-desmond,Jane Desmond,Jane C. Desmond,desmondj@illinois.edu,https://openalex.org/A5017117260,https://openalex.org/A5017117260,,100,EXACT,TRUE,2025|2022|2017|2016|2015|2014|2009|2007,
4e02fa8f-104d-4f30-8d3c-3c06bf55b678,janet-barrett,Janet Barrett,Janet R Barrett,janetbar@illinois.edu,https://openalex.org/A5106120788,https://openalex.org/A5106120788,,100,EXACT,TRUE,2015,
5230bec0-933e-4a8a-b0a3-9456d337ba66,jared-bronski,Jared Bronski,Jared C. Bronski,bronski@illinois.edu,,https://openalex.org/A5044258778,,100,EXACT,TRUE,2025|2024|2022|2021|2018|2017|2015|2014|2013|2012|2011|2010|2009|2008|2007|2006|2005|2003|2002|2001|2000|1999,
276a5343-166c-4bcd-830d-e3a16a5beeda,jason-lee-emmert,Jason Lee Emmert,J.L. Emmert,jemmert@illinois.edu,https://openalex.org/A5020567083,https://openalex.org/A5020567083,,100,EXACT,TRUE,2026|2025|2024|2023|2022|2013|2012|2011|2009|2000|1999|1998|1997|1996|1995,
fcc663c9-44bf-459e-a064-ebf905d81da3,jason-m-ridlon,Jason M Ridlon,Jason  Michael Ridlon,jmridlon@illinois.edu,https://openalex.org/A5026366028,https://openalex.org/A5026366028,,100,EXACT,TRUE,2026|2025|2024|2023|2022|2021|2020|2019|2018|2017|2016,
cb579e4e-f3dc-4605-9b41-b0d3b8bfb6e4,jean-charles-stinville,jean-charles Stinville,Jean‐Charles Stinville,jcstinv@illinois.edu,https://openalex.org/A5058181785,https://openalex.org/A5058181785,,100,EXACT,TRUE,2026|2025|2024|2023|2022|2021|2013,
645ba97d-1266-4d44-8817-d5d33fc49a23,jean-pierre-leburton,Jean-Pierre Leburton,Jean‐Pierre Leburton,jleburto@illinois.edu,,https://openalex.org/A5006979778,,100,EXACT,TRUE,2025|2024|2023|2022|2021|2020|2019|2018|2017|2016|2015|2014|2013|2012|2011|2010|2009|2008|2007|2006|2005|2004|2003|2002|2001|2000|1999|1998|1997|1996|1995|1994|1993|1992|1991|1990|1989|1988|1987|1986|1985|1984|1983|1982,
a71d41ee-2e2f-4d8b-a0dc-2a33083868ba,jeff-chan,Jeff Chan,Jefferson Y. Chan,jeffchan@illinois.edu,https://openalex.org/A5073201453,https://openalex.org/A5073201453,,80,REVIEW,TRUE,2026|2025|2024|2023|2022|2021|2020|2019|2018|2017|2015,NAME_REVIEW
1ec42ed7-2b36-46f4-a260-31f3d79fcd70,jeff-erickson,Jeff Erickson,Jeff Erickson,jeffe@illinois.edu,https://openalex.org/A5042187195,https://openalex.org/A5042187195,,100,EXACT,TRUE,2026|2025|2024|2023|2022|2021|2020|2019|2018|2017|2016|2015|2014|2013|2012|2011|2010|2009|2008|2007|2006|2005|2004|2003|2002|2001|2000|1999|1998,
2b62517c-9f13-4f5b-ad9e-3a20480fa119,jeff-loewenstein,Jeff Loewenstein,Jeffrey Loewenstein,jloew@illinois.edu,https://openalex.org/A5008258944,https://openalex.org/A5008258944,,100,EXACT,TRUE,2026|2025|2023|2022|2021|2020|2019|2018|2017|2016|2015|2014|2013|2012|2011,
12a1b2ab-c6b3-4298-b9c8-8d98888c8641,jeff-shamma,Jeff Shamma,Jeff S. Shamma,jshamma@illinois.edu,https://openalex.org/A5028973855,https://openalex.org/A5028973855,,100,EXACT,TRUE,2026|2025|2024|2023|2022|2021,
146c325c-ef73-42fd-82b2-e81d843c57b4,jeffery-j-mondak,Jeffery J Mondak,Jeffery J. Mondak,jmondak@illinois.edu,https://openalex.org/A5037641348,https://openalex.org/A5037641348,,100,EXACT,TRUE,2026|2025|2024|2021|2020|2019|2018|2017|2015|2014|2013|2012|2011|2010|2009|2008|2007|2005,
dbbdcc22-de3c-4d10-922e-fbd567b928bf,jeffery-raphael-roesler,Jeffery Raphael Roesler,Jeffery Raphael Roesler,jroesler@illinois.edu,,https://openalex.org/A5061834762,,100,EXACT,TRUE,2026|2025|2024|2023|2022|2021|2020|2019|2018|2017|2016|2015|2014|2013|2012|2011|2010|2009|2008|2007|2006|2005|2004|2003|2002|2001|1997,
598c7f7a-9986-4bcb-a066-a5189aec2e87,jeffrey-a-douglas,Jeffrey A Douglas,Jeffrey A. Douglas,jeffdoug@illinois.edu,,https://openalex.org/A5106613402,,100,EXACT,TRUE,2024|2023|2021|2019|2017|2016|2015|2014|2012|2009|2008|2007|2006|2005|2004|2001|1996,
4906dd29-486f-46cd-9887-57b85acc56ba,jeffrey-a-woods,Jeffrey A Woods,Jeffrey A. Woods,woods1@illinois.edu,https://openalex.org/A5044078132,https://openalex.org/A5044078132,,100,EXACT,TRUE,2026|2025|2024|2023|2022|2021|2020|2019|2018|2017|2016|2015|2014|2013|2012|2011|2010|2009|2008|2007|2006|2005|2004|2003|2002|2001|1999|1997,
844f4783-5bd9-42bb-bd80-55a2cc0d7926,jeffrey-eric-jenkins,Jeffrey Eric Jenkins,Jeffrey Eric Jenkins,jej@illinois.edu,https://openalex.org/A5076883977,https://openalex.org/A5076883977,,100,EXACT,FALSE,,NO_UIUC_AFFILIATION
b5b9f27c-37f7-4469-a43c-db010349aaa9,jeffrey-p-filippini,Jeffrey P Filippini,Jeffrey P. Filippini,jpf@illinois.edu,,https://openalex.org/A5127809308,,100,EXACT,TRUE,2026,
e60d3177-b547-4045-b318-8116cccede98,jeffrey-wayne-matthews,Jeffrey Wayne Matthews,Jeffrey W. Matthews,jmatthew@illinois.edu,https://openalex.org/A5028436309,https://openalex.org/A5028436309,,92,STRONG,TRUE,2026|2025|2024|2023|2022|2021|2020|2019|2018|2017|2016|2015|2014|2013|2012|2010|2009|2006|2005,
3c397a25-390c-4869-8336-5fe7be854fe6,jennifer-druhan,Jennifer Druhan,Jennifer L. Druhan,jdruhan@illinois.edu,https://openalex.org/A5082467328,https://openalex.org/A5082467328,,100,EXACT,TRUE,2026|2025|2024|2023|2022|2021|2020|2019|2018|2017|2016|2015,
d6313f1e-ebd1-4280-b57c-b1a121f991bf,jennifer-m-fraterrigo,Jennifer M Fraterrigo,Jennifer M. Fraterrigo,jmf@illinois.edu,,https://openalex.org/A5041471527,,100,EXACT,TRUE,2026|2025|2024|2023|2022|2021|2020|2019|2018|2017|2016|2015|2014|2013|2012|2011|2009|2008,
4482a297-3911-4c5f-ac73-52848f08e05a,jennifer-n-langan,Jennifer N Langan,Jennifer N. Langan,jelangan@illinois.edu,https://openalex.org/A5113680199,https://openalex.org/A5113680199,,100,EXACT,TRUE,2025|2024|2023|2022|2021|2020|2019|2018|2017|2016|2015|2014|2013|2010|2009|2008|2007,
9f05bf5d-54c3-4b70-9f26-8e4ccc59f665,jennifer-truman-bernhard,Jennifer Truman Bernhard,Jennifer Truman Bernhard,jbernhar@illinois.edu,,https://openalex.org/A5017425311,,100,EXACT,TRUE,2026|2025|2024|2022|2021|2020|2019|2018|2017|2016|2015|2014|2013|2012|2011|2010|2009|2008|2007|2006|2005|2004|2003|2002|2001|2000,
a7116c66-30b5-4041-9bfb-f2eba1d0bc3c,jenny-amos,Jenny Amos,Jenny Amos,jamos@illinois.edu,https://openalex.org/A5112561972,https://openalex.org/A5112561972,,100,EXACT,FALSE,,NO_UIUC_AFFILIATION
7c3623e2-c867-47fc-8e64-89e8f1e58c05,jeremy-guest,Jeremy Guest,Jeremy Guest,jsguest@illinois.edu,,https://openalex.org/A5125940073,,100,EXACT,TRUE,2026,
ddc1d5a2-4b6d-410e-8da6-3169719abcba,jeremy-tyson,Jeremy Tyson,Jeremy T. Tyson,tyson@illinois.edu,,https://openalex.org/A5064858111,,100,EXACT,TRUE,2026|2025|2023|2022|2020|2019|2018|2017|2016|2015|2014|2013|2012|2011|2010|2009|2008|2007|2006|2005|2004|2003|2001,
192485ae-57d1-42c2-a7ea-03fe963d2967,jessica-anne-krogstad,Jessica Anne Krogstad,Jessica A. Krogstad,jakrogst@illinois.edu,https://openalex.org/A5063567097,https://openalex.org/A5063567097,,100,EXACT,TRUE,2026|2025|2024|2023|2022|2021|2020|2019|2018|2017,
dd55f359-9bba-4d50-a4d9-783568902699,jessica-conroy,Jessica Conroy,Jessica L. Conroy,jconro@illinois.edu,,https://openalex.org/A5004691211,,100,EXACT,TRUE,2026|2025|2024|2023|2022|2021|2020|2019|2018|2017|2016|2015|2014,
a789f199-ea2e-4649-98b8-7ccdb05e3429,jessica-elaine-rutkoski,Jessica Elaine Rutkoski,Jessica Elaine Rutkoski,jrut@illinois.edu,,https://openalex.org/A5054554913,,100,EXACT,TRUE,2026|2025|2024|2023|2022|2021|2020|2019,
ad66af8d-3c5e-4ae0-aca3-a777d50a5e20,jessie-shelton,Jessie Shelton,Jessie Shelton,sheltonj@illinois.edu,https://openalex.org/A5019528716,https://openalex.org/A5019528716,,100,EXACT,TRUE,2026|2025|2024|2023|2022|2021|2020|2019|2018|2016|2015|2014,
8385d506-7623-4123-a4cf-e8e125c5ac42,jian-min-zuo,Jian-Min Zuo,Jian‐Min Zuo,jianzuo@illinois.edu,https://openalex.org/A5089220289,https://openalex.org/A5089220289,,100,EXACT,TRUE,2026|2025|2024|2023|2022|2021|2020|2019|2018|2017|2016|2015|2014|2013|2012|2011|2010|2009|2008|2007|2006|2005|2004|2003|2002|2001,
317a38c3-79e3-4d8d-b18e-8925297bd2f4,jianjun-cheng,Jianjun Cheng,Jianjun Cheng,jianjunc@illinois.edu,https://openalex.org/A5010902410,https://openalex.org/A5010902410,,100,EXACT,TRUE,2025|2024|2023|2022|2021|2020|2019|2018|2017|2016|2015|2014|2013|2012|2011|2010|2009|2008|2007|2006,
6bd99c92-28d0-4778-851e-5356a5fb07be,jianming-jin,Jianming Jin,Jian‐Ming Jin,j-jin1@illinois.edu,https://openalex.org/A5047028153,https://openalex.org/A5047028153,,100,EXACT,TRUE,2026|2025|2024|2023|2022|2021|2020|2019|2018|2017|2016|2015|2014|2013|2012|2011|2010|2009|2008|2007|2006|2005|2004|2003|2002|2001|2000|1999|1998|1997|1996|1995|1994,
e742f940-6b9d-468d-bc64-8a2c23706fa8,jiawei-han,Jiawei Han,Jiawei Han,hanj@illinois.edu,https://openalex.org/A5019539533,https://openalex.org/A5019539533,,100,EXACT,TRUE,2026|2025|2024|2023|2022|2021|2020|2019|2018|2017|2016|2015|2014|2013|2012|2011|2010|2009|2008|2007|2006|2005|2004|2003|2002,
4563e175-f3a3-42aa-bf48-7d6b69daa26a,jida-wang,Jida Wang,Jida Wang,jidaw@illinois.edu,https://openalex.org/A5009173637,https://openalex.org/A5009173637,,100,EXACT,TRUE,2026|2025|2024|2023,
80ed13af-bbff-4843-9b40-fef8d2f8b3d8,jie-chen,Jie Chen,Jie Chen,jiechen@illinois.edu,https://openalex.org/A5100343375,https://openalex.org/A5100343375,,100,EXACT,TRUE,2026|2025|2024|2023|2022|2021|2020|2019|2018|2017|2016|2015|2014|2013|2012|2011|2010|2009|2008|2007|2006|2005|2004|2003|2002|2001|2000|1999,
8b966a06-c4c9-4e06-b4fe-8c09770baa75,jie-feng,Jie Feng,Jie Feng,jiefeng@illinois.edu,,https://openalex.org/A5013774314,,100,EXACT,TRUE,2026|2025|2024|2023|2022|2021|2020|2019,
a070f854-9306-4eba-8473-a088789e25ed,jill-naiman,Jill Naiman,Jill Naiman,jnaiman@illinois.edu,,https://openalex.org/A5087027123,,100,EXACT,TRUE,2025|2024|2023|2022|2021|2020|2019,
df7a45c9-3b2a-40e2-b27a-9ffd3879dcd2,jim-rehg,Jim Rehg,Jim Rehg,jrehg@illinois.edu,https://openalex.org/A5068266713,https://openalex.org/A5068266713,,100,EXACT,FALSE,,NO_UIUC_AFFILIATION
fa47dc0a-f8dd-4401-abb8-d8e485807ac3,jimeng-sun,Jimeng Sun,Jimeng Sun,jimeng@illinois.edu,https://openalex.org/A5084279065,https://openalex.org/A5084279065,,100,EXACT,TRUE,2026|2025|2024|2023|2022|2021|2020,
ded9fdc5-a59b-49aa-a476-892b64d4d1f6,jing-rui-he,Jing Rui He,Jingrui He,jingrui@illinois.edu,,https://openalex.org/A5073158087,,100,EXACT,TRUE,2026|2025|2024|2023|2022|2021|2020|2019,
ee3424f0-f71a-46be-bd0b-d72c6172c46e,jingbo-liu,Jingbo Liu,Jingbo Liu,jingbol@illinois.edu,https://openalex.org/A5100383868,https://openalex.org/A5100383868,,100,EXACT,TRUE,2024|2023|2022|2021|2020,
8d16129f-a791-4549-a121-5ab0f542637f,jinhui-yan,Jinhui Yan,Jinhui Yan,yjh@illinois.edu,,https://openalex.org/A5017759050,,100,EXACT,TRUE,2026|2025|2024|2023|2022|2021|2020|2019|2018,
8dfa164c-4305-4483-945f-9ab4a8aca503,joao-almeida-de-souza-ramos,Joao Almeida de Souza Ramos,João Ramos,jlramos@illinois.edu,https://openalex.org/A5061064898,https://openalex.org/A5061064898,,96,STRONG,TRUE,2025|2024|2023|2022|2021|2020|2019,
af4a2445-2b52-42c9-956d-961390d18e87,joaquin-daniel-vieira,Joaquin Daniel Vieira,Joaquin D. Vieira,jvieira@illinois.edu,https://openalex.org/A5040059428,https://openalex.org/A5040059428,,92,STRONG,TRUE,2026|2025|2024|2023|2022|2021|2020|2019|2018|2017|2016|2015|2014,
d619ff18-2273-41c9-ab87-4040d211b1e8,joaquin-rodriguez-lopez,Joaquin Rodriguez Lopez,Joaquín Rodríguez‐López,joaquinr@illinois.edu,https://openalex.org/A5007986677,https://openalex.org/A5007986677,,100,EXACT,TRUE,2026|2025|2024|2023|2022|2021|2020|2019|2018|2017|2016|2015|2014|2013|2012,
07946649-7d3b-4e03-ae12-440ebad391ec,jodi-a-flaws,Jodi A Flaws,Jodi Anne Flaws,jflaws@illinois.edu,https://openalex.org/A5138661810,https://openalex.org/A5040949438,,100,EXACT,TRUE,2026|2025|2024|2023|2022|2021|2020|2019|2018|2017|2016|2015|2014|2013|2012|2011|2010|2009|2008|2007|2006,
5801e9dc-ae9a-4e66-ae79-73dc695775bb,jodi-a-schneider,Jodi A Schneider,Jodi Schneider,jodi@illinois.edu,,https://openalex.org/A5001716299,,100,EXACT,TRUE,2025|2024|2023|2022|2021|2020|2019|2018|2017,
9806e2d1-4d2c-4fa2-bf47-07666aca2265,joe-martocchio,Joe Martocchio,Joseph J. Martocchio,martocch@illinois.edu,https://openalex.org/A5021389030,https://openalex.org/A5021389030,,80,REVIEW,TRUE,2015|2011|2010|2008|2007|2004|2003|2001|2000|1998|1997|1996|1995|1994|1993|1992|1991,NAME_REVIEW
a3f27995-3c3b-46e0-a5a5-344f62628903,joe-zhou,Joe Zhou,Jianzhong Zhou,xgzhou@illinois.edu,https://openalex.org/A5100327162,https://openalex.org/A5100327162,,80,REVIEW,FALSE,,NAME_REVIEW|NO_UIUC_AFFILIATION
b2f3219a-52ca-4912-a013-514442a28192,joel-ross,Joel Ross,,jgr@illinois.edu,,,,,UNLINKED,,,NO_AUTHOR_LINK
96c8d909-38dc-49b9-b9ca-fa2df4e1a95b,john-a-juvik,John A Juvik,John A. Juvik,juvik@illinois.edu,,https://openalex.org/A5028984028,,100,EXACT,TRUE,2026|2024|2023|2022|2021|2020|2019|2018|2017|2016|2015|2014|2013|2012|2011|2010|2009|2008|2007|2006|2005|2004|2003|2002|2001|1999|1998|1997|1996|1995|1994|1993|1992|1990|1989|1988|1983,
ffe655a7-15e3-4b4c-be4d-32f98dd99063,john-a-rogers,John A Rogers,John A. Rogers,jrogers@illinois.edu,https://openalex.org/A5045551635,https://openalex.org/A5045551635,,100,EXACT,TRUE,2022|2020|2019|2018|2017|2016|2015|2014|2013|2012|2011|2010|2009|2008|2007|2006|2005|2004|2003|1999,
fd7dc209-8797-4686-9bd8-fb22ac8d82cc,john-c-hart,John C Hart,John C. Hart,jch@illinois.edu,,https://openalex.org/A5111373264,,100,EXACT,TRUE,2019|2018|2017|2016|2015|2014|2012|2011|2010|2009|2008|2007|2006|2005|2004|2003|2002|2001|1996,
6d21843d-85d0-48a7-9452-0f3f09f10e9e,john-dallesasse,John Dallesasse,,jdallesa@illinois.edu,https://openalex.org/A5039763844,https://openalex.org/A5147690181,,,UNLINKED,,,OPENALEX_RECORD_NOT_FOUND
a0a52574-5a8c-46b6-9054-39dd3186227d,john-e-cronan,John E Cronan,John E. Cronan,jecronan@illinois.edu,,https://openalex.org/A5091522261,,100,EXACT,TRUE,2026|2025|2024|2023|2022|2021|2020|2019|2018|2017|2016|2015|2014|2013|2012|2011|2010|2009|2008|2007|2006|2005|2004|2003|2002|2001|2000|1999|1998|1997|1996|1995|1994|1993|1992|1991|1990|1989|1988|1986|1985|1984|1983|1982|1981|1980|1979,
2ec715ea-5fb2-4232-94ea-be53d97bb06b,john-e-hummel,John E Hummel,John E. Hummel,jehummel@illinois.edu,https://openalex.org/A5020139091,https://openalex.org/A5110243162,,100,EXACT,TRUE,2025|2024|2023|2022|2021|2020|2019|2017|2016|2015|2014|2013|2012|2011|2010|2009|2008|2007|2006|2005|2004,
f0c9425d-c481-4fa2-b653-084fc8d7562b,john-e-prussing,John E Prussing,John E. Prussing,prussing@illinois.edu,,https://openalex.org/A5052014007,,100,EXACT,TRUE,2017|2013|2010|2005|2003|2002|2000|1999|1998|1996|1995|1994|1993|1992|1991|1990|1989|1986|1984|1983|1982|1981|1979|1978|1977|1976|1974|1972|1970,
432b748d-5639-426d-83ee-c35feb4c1a71,john-gerlt,John Gerlt,J.A. Gerlt,j-gerlt@illinois.edu,https://openalex.org/A5091252875,https://openalex.org/A5091252875,,100,EXACT,TRUE,2023|2022|2021|2020|2019|2018|2017|2016|2015|2014|2013|2012|2011|2010|2009|2008|2007|2006|2005|2004|2003|2002|2001|2000|1999|1998|1997|1996|1995,
637cde73-5f6d-4a8d-b732-d824685b557b,john-j-lawler,John J Lawler,JOHN J. LAWLER,jjlawler@illinois.edu,,https://openalex.org/A5109134973,,100,EXACT,TRUE,2026|2024|2021|2019|2018|2014|2013|2012|2011|2010|2008|2007|2006|2005|2004|2003|2002|2000|1998|1997|1996|1993|1986|1985|1984|1983,
db62f579-5e48-4c49-a953-2e439d52e481,john-lambros,John Lambros,John Lambros,lambros@illinois.edu,https://openalex.org/A5042050817,https://openalex.org/A5042050817,,100,EXACT,TRUE,2026|2025|2024|2023|2022|2021|2020|2019|2018|2017|2016|2015|2014|2013|2012|2011|2010|2009|2008|2007|2006|2005|2004|2003|2002|2001,
46c3d55d-96b1-401c-b32d-8f0c10faa7f1,john-patrick-caughlin,John Patrick Caughlin,John P. Caughlin,caughlin@illinois.edu,https://openalex.org/A5090345556,https://openalex.org/A5090345556,,92,STRONG,TRUE,2026|2025|2024|2023|2020|2018|2017|2016|2015|2014|2013|2012|2011|2010|2009|2008|2007|2006|2005|2004|2003|2002|2001|2000,
161bdf1d-fec8-435e-9ecd-56f952e96c69,john-reid,John Reid,John F. Reid,j-reid1@illinois.edu,https://openalex.org/A5077919389,https://openalex.org/A5077919389,,100,EXACT,TRUE,2026|2024|2002|2001|2000|1999|1998|1997|1996|1995|1994|1993|1992|1991|1989|1988|1987,
94d8783b-9bb4-445d-bb45-6a7e0900d0cf,john-riley-edwards,John Riley Edwards,J. Riley Edwards,jedward2@illinois.edu,,https://openalex.org/A5087098231,,100,EXACT,TRUE,2026|2025|2024|2023|2022|2021|2020|2019|2018|2017|2016|2015|2014|2013|2012|2011|2010|2009|1972,
736e45d2-3322-4cc3-b0b3-dee01492bdac,john-s-popovics,John S Popovics,John Sandor Popovics,johnpop@illinois.edu,,https://openalex.org/A5009593316,,100,EXACT,TRUE,2026|2025|2024|2023|2022|2021|2020|2019|2018|2017|2016|2015|2014|2013|2012|2011|2010|2009|2008|2007|2006|2005|2004|2003,
576c6e4b-fddf-4464-bc8a-a8ff51cef335,john-tofik-karam,John Tofik Karam,John Tofik Karam,karam@illinois.edu,,https://openalex.org/A5090710617,,100,EXACT,TRUE,2026|2023|2021|2018|2013,
dcfa7a6b-61e3-4984-9115-9b2672308e50,john-w-kindt,John W Kindt,John Warren Kindt,jkindt@illinois.edu,,https://openalex.org/A5008175246,,100,EXACT,TRUE,2001|1989|1988|1985|1984|1983|1980|1979,
08ccd568-a70e-46ab-9831-919254a29e38,jonathan-dunn,Jonathan Dunn,Jonathan Dunn,jedunn@illinois.edu,https://openalex.org/A5063420865,https://openalex.org/A5063420865,,100,EXACT,TRUE,2025|2024,
60a794f2-9579-48e7-97ab-3c2c6a595c5f,jonathan-eric-macdonald,Jonathan Eric MacDonald,Jonathan E. MacDonald,jonmacd@illinois.edu,,https://openalex.org/A5000970074,,92,STRONG,TRUE,2024|2022|2021|2020|2017|2016|2015|2014|2013|2012|2011|2010,
62b1c9f3-7968-428e-aa8f-5cd751053650,jonathan-freund,Jonathan Freund,Jonathan B. Freund,jbfreund@illinois.edu,,https://openalex.org/A5027423603,,100,EXACT,TRUE,2026|2025|2024|2023|2022|2021|2020|2019|2018|2017|2016|2015|2014|2013|2012|2011|2010|2009|2008|2007|2006|2005|2004|2003|2002,
dc69456d-e5f7-4def-8927-59a0a6e91d30,jonathan-h-ebel,Jonathan H Ebel,Jonathan H. Ebel,jebel@illinois.edu,,https://openalex.org/A5057602938,,100,EXACT,TRUE,2024|2018|2017|2015|2013|2012|2011|2009|2006|2005,
2c27d398-dcd6-4c8e-b38b-38a65f693a91,jonathan-h-foreman,Jonathan H Foreman,Jonathan H. Foreman,jhf@illinois.edu,https://openalex.org/A5024825353,https://openalex.org/A5024825353,,100,EXACT,TRUE,2026|2025|2024|2023|2022|2017|2014|2013|2012|2011|2010|2009|2006|2005|2004|2003|2002|2001|2000|1999|1998|1997|1996|1995|1994|1993|1992|1991|1989|1987,
7a8b078b-6014-46bf-ba6f-69d1ff86a770,jonathan-makela,Jonathan Makela,Jonathan J. Makela,jmakela@illinois.edu,,https://openalex.org/A5057010235,,100,EXACT,TRUE,2025|2024|2023|2022|2021|2020|2019|2018|2017|2016|2015|2014|2013|2012|2011|2010|2009|2008|2007|2006|2005,
f9566615-6c5d-4227-a728-78c6fee16821,jonathan-v-sweedler,Jonathan V Sweedler,Jonathan V. Sweedler,jsweedle@illinois.edu,,https://openalex.org/A5006238710,,100,EXACT,TRUE,2026|2025|2024|2023|2022|2021|2020|2019|2018|2017|2016|2015|2014|2013|2012|2011|2010|2009|2008|2007|2006|2005|2004|2003|2002|2001|2000|1999|1998|1997|1996|1995|1994|1993,
6e636c36-51f7-4d5e-88de-126b344be98a,jont-allen,Jont Allen,Jont B. Allen,jontalle@illinois.edu,https://openalex.org/A5086635324,https://openalex.org/A5086635324,,100,EXACT,TRUE,2025|2024|2023|2022|2021|2020|2019|2018|2017|2016|2015|2014|2013|2012|2011|2010|2009|2008|2007|2006|2005|2004,
07e4c864-ba05-4472-a490-20fbd503edc3,jooyoung-seo,JooYoung Seo,JooYoung Seo,jseo1005@illinois.edu,https://openalex.org/A5101467241,https://openalex.org/A5101467241,,100,EXACT,TRUE,2026|2025|2024|2023|2022|2021,
058a99c4-b9dd-453d-aedd-5b6cef250fe4,jorge-jose-leite-noronha,Jorge Jose Leite Noronha,Jorge L. Noronha,jn0508@illinois.edu,https://openalex.org/A5081312605,https://openalex.org/A5081312605,,92,STRONG,TRUE,2026|2025|2024|2023|2022|2021|2020|2019,
954bed64-ad30-443c-89b6-79015b1de5bb,jose-e-schutt-aine,Jose E Schutt-Aine,José E. Schutt‐Ainé,jesa@illinois.edu,https://openalex.org/A5089079119,https://openalex.org/A5089079119,,100,EXACT,TRUE,2025|2024|2023|2022|2021|2020|2019|2018|2017|2016|2015|2014|2013|2012|2011|2010|2009|2008|2007|2006|2005|2004|2003|2002|2001|2000|1998|1997|1996|1995|1994|1993|1992|1991|1989|1988|1985,
fda0f49d-59f6-48ea-acae-6c6e41c24f77,jose-ignacio-hualde,Jose Ignacio Hualde,José Ignacio Hualde,jihualde@illinois.edu,https://openalex.org/A5001721723,https://openalex.org/A5001721723,,100,EXACT,TRUE,2026|2025|2024|2023|2022|2021|2020|2019|2018|2017|2016|2015|2014|2013|2012|2011|2010|2009|2008|2007|2006|2004|2003|2002|2000|1997|1996|1994|1993|1992|1988,
a27d68f8-100f-4782-90f9-fb7c696edcc0,jose-meseguer,Jose Meseguer,José Meseguer,meseguer@illinois.edu,https://openalex.org/A5102754614,https://openalex.org/A5102754614,,100,EXACT,TRUE,2026|2025|2024|2023|2022|2021|2020|2019|2018|2017|2016|2015|2014|2013|2012|2011|2010|2009|2008|2007|2006|2005|2004|2003|2002,
6c0e06ae-9a07-4cab-a948-cff0361bd85d,josep-torrellas,Josep Torrellas,Josep Torrellas,torrella@illinois.edu,,https://openalex.org/A5055909708,,100,EXACT,TRUE,2026|2025|2024|2023|2022|2021|2020|2019|2018|2017|2016|2015|2014|2013|2012|2011|2010|2009|2008|2007|2006|2005|2004|2003|2002|2001|2000|1999|1998|1997|1996|1995|1994,
7566832f-69ae-4581-865d-241b5d7fc2f4,joseph-a-clougherty,Joseph A Clougherty,Joseph A. Clougherty,jaclough@illinois.edu,,https://openalex.org/A5004695676,,100,EXACT,TRUE,2026|2025|2023|2022|2021|2020|2019|2016|2015|2014|2012|2011|2010|2009|2008|2007|2005|2004|2003,
074f968c-6110-4a81-8fd0-8f51428716c3,joseph-bentsman,Joseph Bentsman,Joseph Bentsman,jbentsma@illinois.edu,https://openalex.org/A5057027658,https://openalex.org/A5057027658,,100,EXACT,TRUE,2026|2025|2024|2023|2022|2021|2020|2019|2018|2017|2016|2015|2014|2013|2012|2011|2010|2009|2008|2007|2006|2005|2004|2003|2002|2001|2000|1999|1998|1997|1996|1995|1994|1993|1992|1991|1990|1989|1988|1987|1986,
5870ebbd-1f13-4414-a06b-86f1d9cda99f,joseph-rich-cohen,Joseph Rich Cohen,Joseph R. Cohen,cohenj@illinois.edu,https://openalex.org/A5073323831,https://openalex.org/A5073323831,,92,STRONG,TRUE,2026|2025|2024|2023|2022|2021|2020|2019|2018|2017|2016|2015,
212c8318-456b-415b-8172-cc3d1c957a67,joseph-t-mahoney,Joseph T Mahoney,Joseph T. Mahoney,josephm@illinois.edu,https://openalex.org/A5012467332,https://openalex.org/A5012467332,,100,EXACT,TRUE,2026|2025|2024|2023|2022|2021|2020|2019|2018|2017|2016|2015|2014|2013|2012|2011|2010|2009|2008|2007|2006|2005|2004|2003|2002|2001|2000|1998|1997|1996|1995|1994|1993|1992,
81a789ff-d33b-4d8d-9b64-8d804623a07f,joseph-w-lyding,Joseph W Lyding,Joseph W. Lyding,lyding@illinois.edu,,https://openalex.org/A5054163862,,100,EXACT,TRUE,2025|2024|2023|2022|2021|2020|2019|2018|2017|2016|2015|2014|2013|2012|2011|2010|2009|2007|2006|2005|2004|2003|2002|2001|2000|1999|1998|1997|1996|1995|1994|1993|1991|1989|1988|1987|1986|1985|1870,
e45e344a-171c-4329-be6c-1ce79cfe28eb,joshua-barbour,Joshua Barbour,Joshua B. Barbour,barbour@illinois.edu,,https://openalex.org/A5075271538,,100,EXACT,TRUE,2026|2025|2024|2023|2015|2006,
103a543b-2f59-41bd-80d5-5f6cad2ed4eb,joshua-clay-mccann,Joshua Clay McCann,Joshua C McCann,jcmccan2@illinois.edu,https://openalex.org/A5071739332,https://openalex.org/A5071739332,,92,STRONG,TRUE,2026|2025|2024|2023|2022|2021|2020|2019|2018|2017|2016|2015|2014,
5ef83c1a-f6c5-456e-93fe-b93867dd55c8,joshua-lucas-rovey,Joshua Lucas Rovey,Joshua L. Rovey,rovey@illinois.edu,,https://openalex.org/A5084820611,,100,EXACT,TRUE,2026|2025|2024|2023|2022|2021|2020|2019|2018,
b1f52f14-5e2e-443d-ba3c-df1cde39eb50,joshua-m-gulley,Joshua M Gulley,Joshua Michael Gulley,jgulley@illinois.edu,,https://openalex.org/A5028112630,,100,EXACT,TRUE,2025|2024|2023|2021|2020|2019|2018|2017|2016|2015|2014|2013|2012|2011|2010|2009|2008|2007|2006,
40873066-d7e9-42f8-a962-881614dfa3dc,joshua-vura-weis,Joshua Vura-Weis,,vuraweis@illinois.edu,https://openalex.org/A5143288475,https://openalex.org/A5143288475,,,UNLINKED,,,OPENALEX_RECORD_NOT_FOUND
1f2735c5-ae1c-4194-bf8b-e9a6389ba827,joy-o-keefe,Joy O'Keefe,Joy M. O’Keefe,jmokeefe@illinois.edu,https://openalex.org/A5073186419,https://openalex.org/A5073186419,,100,EXACT,TRUE,2026|2025|2024|2023|2022|2021|2020,
855c63a7-69a7-4cf2-9a68-5b1d3e20e7d5,jozien-goense,Jozien Goense,,goense@illinois.edu,https://openalex.org/A5111738742,https://openalex.org/A5136395198,,,UNLINKED,,,OPENALEX_RECORD_NOT_FOUND
ac93e216-12f3-4b22-8441-d2bd79295792,jozsef-balogh,Jozsef Balogh,József Balogh,jobal@illinois.edu,https://openalex.org/A5108264183,https://openalex.org/A5108264183,,100,EXACT,TRUE,2026|2025|2024|2023|2022|2021|2020|2019|2018|2017|2016|2015|2014|2013|2012|2011|2010|2009|2008|2007|2006|1983,
12065838-8e38-49b4-838b-abd568b96c9a,juan-j-loor,Juan J Loor,Juan J. Loor,jloor@illinois.edu,https://openalex.org/A5078504589,https://openalex.org/A5078504589,,100,EXACT,TRUE,2026|2025|2024|2023|2022|2021|2020|2019|2018|2017|2016|2015|2014|2013|2012|2011|2010|2009|2008|2007|2006|2005|2003,
6453c553-5d0c-4993-b265-74bc14735eda,jugal-garg,Jugal Garg,Jugal Garg,jugal@illinois.edu,https://openalex.org/A5077432617,https://openalex.org/A5077432617,,100,EXACT,TRUE,2026|2025|2024|2023|2022|2021|2020|2019|2018|2017|2016|2015|2014,
5a551b15-3c5d-4265-ba5a-4a7d5991a80a,julia-hockenmaier,Julia Hockenmaier,Julia Hockenmaier,juliahmr@illinois.edu,https://openalex.org/A5042661827,https://openalex.org/A5042661827,,100,EXACT,TRUE,2026|2025|2024|2023|2021|2020|2019|2017|2016|2015|2014|2013|2012|2010|2009|2008,
7de62819-12f9-46ce-8d2e-8abd4739812c,julian-catchen,Julian Catchen,Julian Catchen,jcatchen@illinois.edu,https://openalex.org/A5061745861,https://openalex.org/A5061745861,,100,EXACT,TRUE,2026|2025|2024|2023|2022|2021|2020|2019|2018|2017|2016|2015,
c7810a3f-044d-490c-bad7-c74ec51ddc3b,julie-l-cidell,Julie L Cidell,Julie L. Cidell,jcidell@illinois.edu,,https://openalex.org/A5076117673,,100,EXACT,TRUE,2025|2024|2023|2022|2021|2020|2019|2018|2017|2016|2014|2013|2012|2011|2010|2009|2008,
e86d8874-57d6-40d9-bece-d84d41411154,julie-zilles,Julie Zilles,Julie L. Zilles,jzilles@illinois.edu,,https://openalex.org/A5004132071,,100,EXACT,TRUE,2025|2024|2023|2021|2020|2019|2018|2017|2016|2015|2014|2013|2012|2011|2010|2009|2008|2007|2006|2005,
a87cf14b-3086-4d00-866b-6aa7e696fa51,jun-song,Jun Song,Jun Seob Song,songj@illinois.edu,https://openalex.org/A5079972763,https://openalex.org/A5079972763,,100,EXACT,TRUE,2023,
764be797-7e86-4aee-9b75-d315539703f4,justin-s-rhodes,Justin S Rhodes,Justin S. Rhodes,jrhodes@illinois.edu,,https://openalex.org/A5053942773,,100,EXACT,TRUE,2026|2025|2024|2023|2022|2021|2020|2019|2018|2017|2016|2015|2014|2013|2012|2011|2010|2009|2008|2007|2006,
31b6a5cf-60ad-4c58-8b93-35462cbd0f4f,kai-zhang,Kai Zhang,Kai Zhang,kaizkaiz@illinois.edu,https://openalex.org/A5022615506,https://openalex.org/A5022615506,,100,EXACT,TRUE,2026|2025|2024|2023|2022|2021|2020|2019|2018|2017|2016|2015|2014,
b096e47f-27a9-49ee-989c-eaa50bf81db3,kaiyu-guan,Kaiyu Guan,Kaiyu Guan,kaiyug@illinois.edu,https://openalex.org/A5053935458,https://openalex.org/A5053935458,,100,EXACT,TRUE,2026|2025|2024|2023|2022|2021|2020|2019|2018|2017|2016|2015|2006,
1a63a128-bf96-45bb-8eec-4b9d525a44c8,kara-d-federmeier,Kara D Federmeier,Kara D. Federmeier,kfederme@illinois.edu,https://openalex.org/A5006526693,https://openalex.org/A5006526693,,100,EXACT,TRUE,2026|2025|2024|2023|2022|2021|2020|2019|2018|2017|2016|2015|2014|2013|2012|2011|2010|2009|2008|2007|2006|2005|2004|2003|2002,
6d55d28d-f725-47f8-9206-e298fa770f5b,karen-andrea-terio,Karen Andrea Terio,Karen A. Terio,kterio@illinois.edu,https://openalex.org/A5009819587,https://openalex.org/A5009819587,,92,STRONG,TRUE,2026|2025|2024|2023|2022|2021|2020|2019|2018|2017|2015|2014|2013|2012|2011|2010|2008|2007|2004,
aa8726fa-2203-44d1-8bda-89f70896f113,karen-d-rudolph,Karen D Rudolph,Karen D. Rudolph,krudolph@illinois.edu,https://openalex.org/A5055589168,https://openalex.org/A5055589168,,100,EXACT,TRUE,2026|2025|2024|2023|2022|2021|2020|2019|2018|2017|2016|2015|2014|2013|2012|2011|2010|2009|2008|2007|2006|2005|2004|2003|2002|2001|2000|1999|1997,
7a715f62-b7a2-4c9b-bfd7-581a969aa8af,karen-marie-chapman-novakofski,Karen Marie Chapman-Novakofski,Karen Chapman‐Novakofski,kmc@illinois.edu,,https://openalex.org/A5088418798,,100,EXACT,TRUE,2024|2023|2022|2021|2020|2019|2018|2017|2016|2015|2014|2013|2012|2011|2010|2009|2008|2007|2006|2005|2004|2003|2001|1999|1998|1997,
a6ce13bf-fa03-4cb3-a105-bdf4deced56c,karen-michelle-wickett,Karen Michelle Wickett,Karen M. Wickett,wickett2@illinois.edu,,https://openalex.org/A5032584464,,92,STRONG,TRUE,2024|2023|2020|2019|2018|2013|2012|2011|2010|2009|2008,
954ce315-ff41-4095-9e5b-0d04755d9984,karen-tabb-dina,Karen Tabb Dina,Karen M. Tabb,ktabb@illinois.edu,,https://openalex.org/A5053142246,,100,EXACT,TRUE,2026|2025|2024|2023|2022|2021|2020|2019|2018|2017|2016|2015|2014|2013,
3021e833-b9f1-43e0-ba3b-c103938c2694,karin-a-dahmen,Karin A Dahmen,Karin A. Dahmen,dahmen@illinois.edu,https://openalex.org/A5035206469,https://openalex.org/A5035206469,,100,EXACT,TRUE,2026|2025|2024|2023|2022|2021|2020|2019|2018|2017|2016|2015|2014|2013|2012|2011|2010|2009|2008|2007|2006|2005|2004|2003|2002|2001|2000|1999,
3e2fd3fc-2836-4e18-93e6-7fcaba5f67a8,karrie-karahalios,Karrie Karahalios,Karrie G. Karahalios,kkarahal@illinois.edu,https://openalex.org/A5075056899,https://openalex.org/A5075056899,,100,EXACT,TRUE,2025|2024|2023|2022|2021|2020|2019|2018|2017|2016|2015|2014|2013|2012|2011|2010|2009|2008|2007|2006|2005,
56fde6eb-a382-4979-be89-d0a4544d6175,karthekeyan-chandrasekaran,Karthekeyan Chandrasekaran,Karthekeyan Chandrasekaran,karthe@illinois.edu,,https://openalex.org/A5011591780,,100,EXACT,TRUE,2026|2025|2024|2023|2022|2021|2020|2019|2018|2017|2015|2014,
cb8ea67f-7d1a-4952-a329-08b9278edd09,kate-williams,Kate Williams,Kate E Williams,katewill@illinois.edu,https://openalex.org/A5086090546,https://openalex.org/A5086090546,,100,EXACT,TRUE,2022|2021|2017|2013|2012|2011|2010|2009|2007,
33322f95-1554-4e7f-90d5-f0e7e7f0b578,kathleen-mary-colegrove-calvey,Kathleen Mary Colegrove-Calvey,,kcolegro@illinois.edu,,,,,UNLINKED,,,NO_AUTHOR_LINK
668a7872-cdb9-4ccc-87fe-2c5f7934a631,kathleen-mcdowell,Kathleen McDowell,Kate McDowell,kmcdowel@illinois.edu,https://openalex.org/A5043565667,https://openalex.org/A5043565667,,100,EXACT,TRUE,2025|2024|2023|2022|2021|2018|2017|2014|2013|2010|2006|1978,
1a579063-3a5f-4738-a907-7f5a2c711caf,kathryn-b-h-clancy,Kathryn B H Clancy,Kathryn B. H. Clancy,kclancy@illinois.edu,https://openalex.org/A5051578594,https://openalex.org/A5051578594,,100,EXACT,TRUE,2026|2025|2024|2023|2022|2021|2020|2019|2017|2016|2015|2014|2013|2012|2011|2009,
e0938fc6-a920-4898-b907-91367fdff7ba,kathryn-matlack,Kathryn Matlack,Kathryn H. Matlack,kmatlack@illinois.edu,https://openalex.org/A5013309807,https://openalex.org/A5013309807,,100,EXACT,TRUE,2026|2025|2024|2023|2022|2021|2020|2019|2018|2017,
ee2fef2f-497a-489c-b3d9-5de7ace83caf,katy-denise-heath,Katy Denise Heath,Katy Denise Heath,kheath@illinois.edu,,https://openalex.org/A5065366659,,100,EXACT,TRUE,2026|2025|2024|2023|2022|2021|2020|2019|2018|2017|2016|2015|2014|2013|2012|2010|2005,
dcb66ba1-cdb8-49ed-a2d0-8834e0fa91e2,keith-r-cadwallader,Keith R Cadwallader,Keith R. Cadwallader,cadwlldr@illinois.edu,,https://openalex.org/A5067970690,,100,EXACT,TRUE,2026|2025|2024|2023|2022|2021|2020|2019|2018|2017|2016|2015|2014|2013|2012|2011|2010|2009|2008|2007|2006|2005|2004|2003|2002|2001|2000,
5d3606fd-d940-4f53-a338-53b35d25f141,keith-william-jarosinski,Keith William Jarosinski,Keith William Jarosinski,kj4@illinois.edu,,https://openalex.org/A5006643947,,100,EXACT,TRUE,2026|2025|2024|2023|2022|2021|2020|2019|2018|2017,
4ef0f81c-1938-4544-bd98-dd6902202ef6,kelly-k-freeman-bost,Kelly K Freeman Bost,,kbost@illinois.edu,https://openalex.org/A5017873952,https://openalex.org/A5017873952,,,UNLINKED,,,OPENALEX_RECORD_NOT_FOUND
abbc9b6d-528f-4dc5-8e34-39681e23fe32,kelly-s-swanson,Kelly S Swanson,Kelly Scott Swanson,ksswanso@illinois.edu,,https://openalex.org/A5053823114,,100,EXACT,TRUE,2026|2025|2024|2023|2022|2021|2020|2019|2018|2017|2016|2015|2014|2013|2012|2011|2010|2009|2008|2007|2006|2005|2004|2003|2002|2001|2000|1999,
2928fd5f-28aa-4f5b-9b52-e2523a4cdc4a,kelly-stephani,Kelly Stephani,Kelly A. Stephani,ksteph@illinois.edu,https://openalex.org/A5053690236,https://openalex.org/A5053690236,,100,EXACT,TRUE,2026|2025|2024|2023|2022|2021|2020|2019|2018|2017|2016|2015,
412aa3cd-05ea-474c-a757-0ec872f5b653,kelvin-droegemeier,Kelvin Droegemeier,Kelvin K. Droegemeier,kkd@illinois.edu,https://openalex.org/A5080271846,https://openalex.org/A5080271846,,100,EXACT,TRUE,2026|2025|2024,
712c317b-5c9c-4171-9db1-724b6e9f5663,ken-n-paige,Ken N Paige,Ken N. Paige,kpaige@illinois.edu,,https://openalex.org/A5034037281,,100,EXACT,TRUE,2025|2023|2021|2020|2019|2018|2017|2016|2015|2014|2013|2012|2011|2010|2009|2006|2004|2003|2002|2001|1999|1998|1997|1996|1995|1993|1992|1991,
f1ac8b5b-439c-4863-b4e5-5e4dcdc64683,kenneth-s-schweizer,Kenneth S Schweizer,Kenneth S. Schweizer,kschweiz@illinois.edu,https://openalex.org/A5045572539,https://openalex.org/A5045572539,,100,EXACT,TRUE,2026|2025|2024|2023|2022|2021|2020|2019|2018|2017|2016|2015|2014|2013|2012|2011|2010|2009|2008|2007|2006|2005|2004|2003|2002|2001|2000|1999|1998|1997|1996|1995|1994|1993|1992|1986|1985|1983|1982|1981,
a978dabf-53ba-4188-8eec-7ac79ced98aa,kent-bourdon-monroe,Kent Bourdon Monroe,Kent B. Monroe,kbmonroe@illinois.edu,,https://openalex.org/A5022468241,,100,EXACT,TRUE,2024|2019|2018|2017|2016|2015|2014|2013|2012|2011|2010|2009|2008|2007|2004|2003|2002|2001|2000|1999|1998|1996|1994|1993|1966,
670d8a6b-ac61-40b3-b994-55780475b0ca,kent-d-choquette,Kent D Choquette,Kent D. Choquette,choquett@illinois.edu,,https://openalex.org/A5015997399,,100,EXACT,TRUE,2026|2025|2024|2023|2022|2021|2020|2019|2018|2017|2016|2015|2014|2013|2012|2011|2010|2009|2008|2007|2006|2005|2004|2003|2002|2001|1994|1993|1992|1991,
eab11315-74a9-429c-b5e5-f9617ac57f25,kevin-chenchuan-chang,Kevin Chenchuan Chang,Kevin Chen–Chuan Chang,kcchang@illinois.edu,https://openalex.org/A5087096372,https://openalex.org/A5101880377,,100,EXACT,TRUE,2026|2025|2024|2023|2022|2021|2020|2019|2018|2017|2016|2015|2014|2013|2012|2011|2010|2009|2008|2007|2006|2005|2004|2003|2002|2001,
65d93587-a3e7-4a45-ad3d-cf3fd96f3411,kevin-ford,Kevin Ford,Kenneth Lee Ford,ford126@illinois.edu,https://openalex.org/A5022453841,https://openalex.org/A5022453841,,80,REVIEW,FALSE,,NAME_REVIEW|NO_UIUC_AFFILIATION
73ee6f67-b291-43fb-96f1-e4fe71340dec,kevin-hamilton,Kevin Hamilton,Kevin Hamilton,kham@illinois.edu,,https://openalex.org/A5075772311,,100,EXACT,TRUE,2021|2018|2017|2016|2015|2014|2011|2009|2007,
d554e90f-dffc-406f-9be1-0c0e2bd1b43e,kevin-mumford,Kevin Mumford,Kevin J. Mumford,kmumford@illinois.edu,,https://openalex.org/A5026497042,,100,EXACT,TRUE,2019|2018|2016|2015,
bf4468a9-06e5-45a2-b87f-4a205ebe0878,kevin-poh-hiong-tan,Kevin Poh Hiong Tan,Kevin Poh Hiong Tan,kevintan@illinois.edu,,https://openalex.org/A5011177428,,100,EXACT,TRUE,2026|2025|2024|2023|2022|2021|2020|2019|2018|2017,
7a61bad3-d926-4aef-90ab-3284c6ac216f,kevin-r-wise,Kevin R Wise,Kevin R. Wise,krwise@illinois.edu,,https://openalex.org/A5011250113,,100,EXACT,TRUE,2026|2025|2024|2023|2021|2020|2019|2018|2017|2016|2014|2013,
2fb94e20-4935-4b5a-8e12-e0b854579c6f,khaled-a-el-rayes,Khaled A El-Rayes,Khaled El‐Rayes,elrayes@illinois.edu,https://openalex.org/A5002263687,https://openalex.org/A5002263687,,100,EXACT,TRUE,2026|2025|2024|2023|2022|2021|2020|2019|2018|2017|2016|2015|2014|2013|2012|2011|2010|2009|2008|2007|2006|2005|2003|2002|2001,
9938c31a-8ea7-41a3-a296-cfef920b62ee,kim-c-graber,Kim C Graber,Kim C. Graber,kgraber@illinois.edu,,https://openalex.org/A5024606579,,100,EXACT,TRUE,2025|2024|2023|2022|2021|2020|2019|2018|2017|2016|2015|2014|2012|2011|2009|2008|2007|2006|2000|1998|1996|1995,
37b232c3-b127-4bd3-8d24-13d9b20e2051,kimberlee-k-kidwell,Kimberlee K Kidwell,Kimberlee K. Kidwell,kkidwell@illinois.edu,https://openalex.org/A5007811953,https://openalex.org/A5007811953,,100,EXACT,TRUE,2026|2020|2017,
c8da31b6-66b1-414d-813b-f17e7fc41ed2,kimberly-anne-selting,Kimberly Anne Selting,Kim A. Selting,seltingk@illinois.edu,https://openalex.org/A5052481062,https://openalex.org/A5052481062,,92,STRONG,TRUE,2026|2025|2024|2023|2022|2021|2020|2019,
e9dbba8b-15a2-4029-8468-5e8a792ba269,kimberly-michelle-rios,Kimberly Michelle Rios,Kimberly M. Rios,kmrios@illinois.edu,https://openalex.org/A5121007379,https://openalex.org/A5121007379,,92,STRONG,TRUE,2025,
5b1820a3-838f-4e8e-bcf2-671308965a0e,kiruba-sivasubramaniam-haran,Kiruba Sivasubramaniam Haran,Kiruba S. Haran,kharan@illinois.edu,,https://openalex.org/A5037508185,,100,EXACT,TRUE,2026|2025|2024|2023|2022|2021|2020|2019|2018|2017|2016|2015,
88586bd7-e4fa-4589-ba34-27b03c3f347b,klara-nahrstedt,Klara Nahrstedt,Klara Nahrstedt,klara@illinois.edu,https://openalex.org/A5074224097,https://openalex.org/A5074224097,,100,EXACT,TRUE,2026|2025|2024|2023|2022|2021|2020|2019|2018|2017|2016|2015|2014|2013|2012|2011|2010|2009|2008|2007|2006|2005|2004|2003|2002|2001|2000|1999|1998|1997|1996|1995,
7eef140e-cb5d-449d-b544-88d6cb599c11,koustuv-saha,Koustuv Saha,Koustuv Saha,ksaha2@illinois.edu,https://openalex.org/A5057029055,https://openalex.org/A5057029055,,100,EXACT,TRUE,2026|2025|2024|2023,
198c04e7-5573-4a59-9302-cee999c93d2c,kris-hauser,Kris Hauser,Kris K. Hauser,kkhauser@illinois.edu,https://openalex.org/A5027878263,https://openalex.org/A5027878263,,100,EXACT,TRUE,2026|2025|2024|2023|2022|2021|2020|2019|2018,
c4fcfa25-1f9d-42b1-844b-5491578d4fb7,kyekyoon-kim,Kyekyoon Kim,Kyekyoon Kim,kevinkim@illinois.edu,,https://openalex.org/A5010094822,,100,EXACT,TRUE,2025|2024|2023|2022|2021|2020|2018|2017|2016|2015|2013|2012|2011|2010|2009|2008|2007|2006|2005|2004|2003|2002|2001|1999|1997|1996|1995|1994|1991|1989|1987|1985|1984|1983|1982|1981|1980|1976|1973,
2530add5-a9da-48ef-bce7-8b582c08fe4a,kyle-c-smith,Kyle C Smith,Kyle Christopher Smith,kcsmith@illinois.edu,https://openalex.org/A5040752692,https://openalex.org/A5040752692,,100,EXACT,TRUE,2026|2025|2024|2023|2022|2021|2020|2019|2018|2017|2016|2015,
f96d84e3-fec4-473d-bc63-09f5c59c7771,larry-alan-fahnestock,Larry Alan Fahnestock,Larry A. Fahnestock,fhnstck@illinois.edu,https://openalex.org/A5009504084,https://openalex.org/A5009504084,,100,EXACT,TRUE,2026|2025|2024|2023|2022|2021|2020|2019|2018|2017|2016|2015|2014|2013|2012|2011|2010|2009|2008|2007,
b8b95357-7811-4b79-b4fe-9b58e0ad882d,larry-di-girolamo,Larry Di Girolamo,Larry Di Girolamo,gdi@illinois.edu,,https://openalex.org/A5040653057,,100,EXACT,TRUE,2026|2025|2024|2023|2022|2021|2020|2019|2018|2017|2016|2015|2014|2013|2012|2011|2010|2009|2008|2007|2006|2005|2004|2003|2002|1999,
2e3f1c00-372b-4bcb-8d59-680b415ba29c,laura-a-rice,Laura A Rice,Laura A. Rice,ricela@illinois.edu,https://openalex.org/A5025907499,https://openalex.org/A5025907499,,100,EXACT,TRUE,2026|2025|2024|2023|2022|2021|2020|2019|2018|2017|2016|2015|2014|2013|2012,
1e448d82-f28d-49b2-bd9c-7d1cc6acd428,laura-lynn-shackelford,Laura Lynn Shackelford,Laura Shackelford,llshacke@illinois.edu,https://openalex.org/A5088440994,https://openalex.org/A5088440994,,92,STRONG,TRUE,2026|2024|2023|2022|2021|2020|2019|2018|2017|2016|2015|2014|2013|2012|2011|2010|2007,
5a5b8c23-8d7d-4499-95b6-3683b8660a49,laura-villafane-roca,Laura Villafane Roca,Laura Villafañe Roca,lvillafa@illinois.edu,,https://openalex.org/A5146638722,,100,EXACT,TRUE,2026,
6a102e1d-926d-43d7-bdd9-0b00075efc98,laurence-s-mall,Laurence S Mall,Laurence Mall,lmall@illinois.edu,https://openalex.org/A5018952526,https://openalex.org/A5018952526,,88,STRONG,TRUE,2023|2022|2015|2014|2013|2012|2010|2009|2008|2007|2005|1997|1994,
099abc08-ca50-41df-884e-f728da4bdcfc,lauretta-j-hogin,Lauretta J Hogin,,hogin@illinois.edu,,,,,UNLINKED,,,NO_AUTHOR_LINK
12212d3c-4955-4246-8e50-3223ad4837bd,lav-r-varshney,Lav R Varshney,Lav R. Varshney,varshney@illinois.edu,https://openalex.org/A5065423139,https://openalex.org/A5065423139,,100,EXACT,TRUE,2026|2025|2024|2023|2022|2021|2020|2019|2018|2017|2016|2015|2014,
60255591-5b44-4513-b8d2-ecb722339da6,lawrence-a-bergman,Lawrence A Bergman,Lawrence A. Bergman,lbergman@illinois.edu,https://openalex.org/A5078442775,https://openalex.org/A5078442775,,100,EXACT,TRUE,2026|2025|2024|2023|2022|2021|2020|2019|2018|2017|2016|2015|2014|2013|2012|2011|2010|2009|2008|2007|2006|2005|2004|2003|2002|2001|2000|1999|1998|1997|1996|1995|1994|1993|1992|1991|1989|1988|1987|1986|1985|1984|1981,
16ef1084-b2fe-49c2-bd04-1aa8ab6cb429,lawrence-angrave,Lawrence Angrave,Lawrence Angrave,angrave@illinois.edu,https://openalex.org/A5085218396,https://openalex.org/A5085218396,,100,EXACT,TRUE,2026|2025|2024|2023|2022|2021|2020|2019|2018|2015|2011,
e6fb2cb0-e13f-477e-a84e-030757c3d58e,lawrence-m-hanks,Lawrence M Hanks,Lawrence M. Hanks,hanks@illinois.edu,https://openalex.org/A5049908785,https://openalex.org/A5049908785,,100,EXACT,TRUE,2026|2025|2024|2023|2022|2021|2020|2019|2018|2017|2016|2015|2014|2013|2012|2011|2010|2009|2008|2007|2006|2005|2004|2003|2002|2001|2000|1999|1998|1997,
68ca5887-20a8-414c-bd00-88f4d24384e2,lawrence-schook,Lawrence Schook,Lawrence B. Schook,schook@illinois.edu,,https://openalex.org/A5075978861,,100,EXACT,TRUE,2026|2025|2024|2023|2022|2021|2020|2019|2018|2017|2016|2015|2014|2013|2012|2011|2010|2009|2008|2007|2006|2005|2004|2003|2001|2000|1995|1994|1993|1992|1991|1990|1989|1988|1987,
73d52826-d1f3-45b3-b4a9-6d74f250698a,laxmikant-v-kale,Laxmikant V Kale,Laxmikant V. Kalé,kale@illinois.edu,,https://openalex.org/A5051465480,,100,EXACT,TRUE,2026|2025|2024|2023|2022|2021|2020|2019|2018|2017|2016|2015|2014|2013|2012|2011|2010|2009|2008|2007|2006|2005|2004|2003|2002|2001|2000|1999|1998|1997|1996|1995|1994|1993|1991|1990|1989|1988,
bbdcb7bf-6917-406f-b127-3bbd9417910c,leanne-knobloch,Leanne Knobloch,Leanne K. Knobloch,knobl@illinois.edu,,https://openalex.org/A5072645853,,100,EXACT,TRUE,2026|2025|2024|2023|2022|2021|2020|2019|2018|2017|2016|2015|2014|2013|2012|2011|2010|2009|2008|2007|2006|2005|2004|2003|2002,
a617c1ab-49ab-4ae8-a940-dde86a530dd0,lei-zhao,Lei Zhao,Lei Zhao,leizhao@illinois.edu,https://openalex.org/A5029520920,https://openalex.org/A5029520920,,100,EXACT,TRUE,2026|2025|2024|2023|2022|2021|2020|2019|2018,
94eaca42-3bb0-4d58-bb4c-fa994ebc535b,lelys-bravo-de-guenni,Lelys Bravo De Guenni,Lelys Bravo de Guenni,lbravo@illinois.edu,,https://openalex.org/A5091185080,,100,EXACT,TRUE,2026|2025|2024|2023|2022|2021|2020|2019,
5b1c61b1-b01a-40bb-93a9-f3b82af6aeb6,leon-liebenberg,Leon Liebenberg,Leon Liebenberg,leonl@illinois.edu,,https://openalex.org/A5070699620,,100,EXACT,TRUE,2026|2025|2024|2021|2020|2019|2018|2017,
b4864fe4-42cf-44bd-af18-e5f397ba0598,leonardo-patricio-chamorro-chavez,Leonardo Patricio Chamorro Chavez,C. A. Chavez,lpchamo@illinois.edu,https://openalex.org/A5105299285,https://openalex.org/A5105299285,,0,HIGH_RISK,FALSE,,NAME_HIGH_RISK|NO_UIUC_AFFILIATION
d44d0ab8-ab8f-4819-8e1a-b5e56e60a414,leslie-looney,Leslie Looney,Leslie W. Looney,lwl@illinois.edu,,https://openalex.org/A5054676844,,100,EXACT,TRUE,2026|2025|2024|2023|2022|2021|2020|2019|2018|2017|2016|2015|2014|2013|2012|2011|2010|2009|2008|2007|2006|2005|2004|2003,
ee303cec-87b7-4c50-a75f-9e86df2ab581,leyi-wang,Leyi Wang,Leyi Wang,leyiwang@illinois.edu,https://openalex.org/A5038340031,https://openalex.org/A5038340031,,100,EXACT,TRUE,2026|2025|2024|2023|2022|2021|2020|2019|2018|2017,
c35eec32-c20e-47e7-b038-0f3945415570,li-qing-chen,Li-Qing Chen,Li‐Qing Chen,lqchen77@illinois.edu,,https://openalex.org/A5100717363,,100,EXACT,TRUE,2026|2025|2024|2023|2022|2021|2020|2019|2018|2017|2016,
3a6e7938-5dfe-4f9c-97ba-5be64b7d2c19,lili-sahakyan,Lili Sahakyan,Lili Sahakyan,lsahaky@illinois.edu,https://openalex.org/A5030393926,https://openalex.org/A5030393926,,100,EXACT,TRUE,2026|2025|2024|2023|2022|2021|2020|2019|2018|2017|2016|2015,
bcdd35ac-085a-4130-964e-ab0270d08acf,liliane-windsor,Liliane Windsor,Liliane Cambraia Windsor,lwindsor@illinois.edu,,https://openalex.org/A5086862628,,100,EXACT,TRUE,2025|2024|2023|2022|2021|2020|2019|2018|2016,
55a19f3b-45aa-4284-b086-663fa8a2d16e,lin-feng-chen,Lin-Feng Chen,Lin‐Feng Chen,lfchen@illinois.edu,,https://openalex.org/A5101538628,,100,EXACT,TRUE,2026|2025|2024|2023|2021|2020|2019|2018|2017|2016|2015|2014|2013|2012|2011|2010|2009|2008|2007|2006,
1c8ed98f-51d6-4971-b39f-f5f3b5ca1b69,linda-smith,Linda Smith,Linda C. Smith,lcsmith@illinois.edu,https://openalex.org/A5068176756,https://openalex.org/A5068176756,,100,EXACT,TRUE,2026|2025|2023|2016|2015|2013|2012|2011|2010|2008|2007|2006|2005|2002|1999|1998|1997|1996|1995|1994|1993|1991|1988|1985|1984|1982|1981|1980,
67ad68c1-415e-41c6-b274-af350f2b9c39,ling-ren,Ling Ren,Ling Ren,renling@illinois.edu,https://openalex.org/A5002519367,https://openalex.org/A5002519367,,100,EXACT,TRUE,2026|2025|2024|2023|2022|2021|2020|2019,
bc4f93ba-7e6b-405c-9968-5b922b66d184,lingming-zhang,Lingming Zhang,Lingming Zhang,lingming@illinois.edu,https://openalex.org/A5043546718,https://openalex.org/A5043546718,,100,EXACT,TRUE,2026|2025|2024|2023|2022|2021|2020,
7a2375c6-4bce-49fb-a5bb-f61fcef618c6,liora-bresler,Liora Bresler,Liora Bresler,liora@illinois.edu,,https://openalex.org/A5057972151,,100,EXACT,TRUE,2025|2021|2020|2016|2014|2013|2012|2011|2010|2008|2007|2006|2005|2004|2002|2001|2000|1998|1997|1996|1995|1994|1993|1992|1990,
f788685e-5955-4b76-8338-23f3be5d467b,lisa-guntzviller,Lisa Guntzviller,Lisa Mary Guntzviller,guntzvi1@illinois.edu,,https://openalex.org/A5052185930,,100,EXACT,TRUE,2026|2025|2024|2023|2022|2020|2019|2018|2017|2016|2015,
0e0ac0ad-14f3-48d8-ae5a-a9d72810dedb,lisa-j-lucero,Lisa J Lucero,Lisa J. Lucero,ljlucero@illinois.edu,https://openalex.org/A5088948097,https://openalex.org/A5088948097,,100,EXACT,TRUE,2026|2024|2023|2021|2020|2019|2018|2016|2015|2014|2013|2011|2010|2008|2007,
ee5cce77-7434-461c-9aa2-423f5963f75f,lissette-piedra,Lissette Piedra,Lissette M Piedra,lmpiedra@illinois.edu,,https://openalex.org/A5051492725,,100,EXACT,TRUE,2026|2025|2024|2023|2022|2021|2020|2019|2018|2017|2016|2015|2011|2010|2009,
cc6c9d80-b196-4f2d-8855-2523e46aec9d,liviu-m-mirica,Liviu M Mirica,Liviu M. Mirica,mirica@illinois.edu,,https://openalex.org/A5021486550,,100,EXACT,TRUE,2026|2025|2024|2023|2022|2021|2020|2019,
f6e18001-5ff9-42bc-96e9-40f6d47f6e62,lois-l-hoyer,Lois L Hoyer,Lois L. Hoyer,lhoyer@illinois.edu,,https://openalex.org/A5013157985,,100,EXACT,TRUE,2026|2025|2024|2023|2022|2021|2020|2019|2016|2015|2014|2013|2012|2011|2010|2009|2008|2007|2006|2005|2004|2003|2001|2000|1999|1998|1992|1991,
fff69dce-7bdd-47e4-a92a-43a0a0325f67,lori-t-raetzman,Lori T Raetzman,,raetzman@illinois.edu,https://openalex.org/A5076450562,https://openalex.org/A5140848149,,,UNLINKED,,,OPENALEX_RECORD_NOT_FOUND
86156f9c-d64e-434b-818c-ecfc60caff05,lucas-kyle-wagner,Lucas Kyle Wagner,Lucas K. Wagner,lkwagner@illinois.edu,https://openalex.org/A5083579335,https://openalex.org/A5083579335,,100,EXACT,TRUE,2026|2025|2024|2023|2022|2021|2020|2019|2018|2017|2016|2015|2014|2013|2012|2007,
6bcf9c1f-fee2-44dd-b8fd-9365e6aa9514,lui-raymond-sha,Lui Raymond Sha,Lui Sha,lrs@illinois.edu,,https://openalex.org/A5067032971,,100,EXACT,TRUE,2026|2025|2024|2023|2022|2021|2020|2019|2018|2017|2016|2015|2014|2013|2012|2011|2010|2009|2008|2007|2006|2005|2004|2003|2002|2001|2000,
e3ac137f-a8e9-46f3-8a5a-d839f92e0fc4,luke-olson,Luke Olson,Luke N. Olson,lukeo@illinois.edu,,https://openalex.org/A5027808971,,100,EXACT,TRUE,2026|2025|2024|2023|2022|2021|2020|2019|2018|2017|2016|2015|2014|2013|2012|2011|2010|2009|2008|2007,
f2b107e2-f9cc-4706-b464-b14d3ff34e09,lyle-w-konigsberg,Lyle W Konigsberg,Lyle W. Konigsberg,lylek@illinois.edu,,https://openalex.org/A5066357418,,100,EXACT,TRUE,2026|2024|2023|2022|2021|2020|2019|2018|2017|2015|2014|2013|2012|2011|2009|2008,
7b12b404-6270-4069-8009-f9af85400b8c,lynford-l-goddard,Lynford L Goddard,Lynford L. Goddard,lgoddard@illinois.edu,,https://openalex.org/A5090287884,,100,EXACT,TRUE,2026|2025|2024|2023|2021|2020|2019|2018|2017|2016|2015|2014|2013|2012|2011|2010|2009|2008|2005|2000,
6a8e8d26-6f1d-4895-a385-514aea8118f7,lynne-marie-dearborn,Lynne Marie Dearborn,Lynne Marie Dearborn,dearborn@illinois.edu,,https://openalex.org/A5061698195,,100,EXACT,TRUE,2024|2022|2020|2018|2015|2013|2011|2009|2005,
89a112b8-1c7d-4778-9dcd-ede9d20c2e97,m-christina-white,M Christina White,M. Christina White,mcwhite7@illinois.edu,,https://openalex.org/A5031631307,,100,EXACT,TRUE,2025|2024|2023|2022|2021|2020|2019|2018|2017|2016|2015|2014|2013|2012|2011|2010|2009|2008|2007|2006,
cea446ef-e1c8-442f-9159-0fd1c8acbfec,m-quinn-brewster,M Quinn Brewster,M. Quinn Brewster,brewster@illinois.edu,,https://openalex.org/A5111968596,,100,EXACT,TRUE,2024|2023|2017|2014|2013|2011|2010|2009|2007|2006|2005|2002|1999|1997|1996|1995|1994|1993|1992|1991|1988|1986,
131d637e-fb7c-4a48-ba9c-dd2ab64a6ea5,m-burak-erdo-an,M. Burak Erdoğan,M. Burak Erdoğan,berdogan@illinois.edu,https://openalex.org/A5017012795,https://openalex.org/A5017012795,,100,EXACT,TRUE,2025|2024|2023|2022|2021|2020|2019|2018|2017|2016|2015|2014|2013|2012|2011|2010|2009|2008|2006|2005|2004|2003,
6765dfc7-a114-4773-9cc0-d1162f27213e,madelyn-rose-sanfilippo,Madelyn Rose Sanfilippo,Madelyn Rose Sanfilippo,madelyns@illinois.edu,,https://openalex.org/A5061248922,,100,EXACT,TRUE,2026|2025|2024|2023|2022|2021|2020|2019,
a644ee97-cf94-45df-8df2-515580840a58,madhubalan-viswanathan,Madhubalan Viswanathan,Madhubalan Viswanathan,mviswana@illinois.edu,,https://openalex.org/A5110134007,,100,EXACT,TRUE,2026|2025|2021|2019|2017|2015|2014|2013|2012|2011|2009|2007|2004|2003|2002|2000|1999|1996|1994|1992,
f7df00f9-81af-4f8f-b1af-5dc61b633aba,madhusudan-parthasarathy,Madhusudan Parthasarathy,Madhusudan Parthasarathy,madhu@illinois.edu,,https://openalex.org/A5141010499,,100,EXACT,FALSE,,NO_UIUC_AFFILIATION
b7b8736f-e45f-45e1-9a27-46055754293e,mahesh-viswanathan,Mahesh Viswanathan,Mahesh Viswanathan,vmahesh@illinois.edu,,https://openalex.org/A5076852218,,100,EXACT,TRUE,2026|2025|2024|2023|2022|2021|2020|2019|2018|2017|2016|2015|2014|2013|2012|2011|2010|2009|2008|2007|2006|2005|2004|2003|2002|2000,
dbd5b6e0-b7be-4b96-ab0c-0e1653091e3d,manabu-t-nakamura,Manabu T Nakamura,Manabu Nakamura,mtnakamu@illinois.edu,,https://openalex.org/A5002701077,,100,EXACT,TRUE,2026|2025|2024|2023|2022|2021|2020|2019|2018|2017|2016|2015|2013|2012|2011|2010|2009|2008|2007|2006|2005|2004|2003|2002|2001,
cbee5a27-4610-45ad-9dd0-85f8fe84f45c,mani-golparvar-fard,Mani Golparvar Fard,Mani Golparvar Fard,mgolpar@illinois.edu,https://openalex.org/A5112018199,https://openalex.org/A5112018199,,100,EXACT,TRUE,2025|2023|2022|2010|2009|2007,
ce1c6a62-05d1-4742-a0f0-551f5dfd889e,manuel-enrique-hernandez,Manuel Enrique Hernandez,Manuel E. Hernandez,mhernand@illinois.edu,,https://openalex.org/A5026209495,,100,EXACT,TRUE,2026|2025|2024|2023|2022|2021|2020|2019|2018|2017|2016|2015,
6d3e2474-a4b8-4550-ab45-cd304125a715,marc-j-doussard,Marc J Doussard,Marc Doussard,mdouss1@illinois.edu,https://openalex.org/A5035113729,https://openalex.org/A5035113729,,88,STRONG,TRUE,2025|2024|2023|2022|2021|2020|2019|2018|2017|2016|2015|2014|2012,
f075b9e8-6c2f-45d8-a8fb-05ddd316c8ea,marc-snir,Marc Snir,Marc Snir,snir@illinois.edu,,https://openalex.org/A5041731995,,100,EXACT,TRUE,2026|2025|2024|2023|2022|2021|2020|2019|2018|2017|2016|2015|2014|2013|2012|2011|2010|2009|2008|2007|2005|2004|2003,
95743fdf-5e79-4056-a7f8-c31884bc66d5,marcela-raffaelli,Marcela Raffaelli,Marcela Raffaelli,mraffael@illinois.edu,,https://openalex.org/A5056273612,,100,EXACT,TRUE,2026|2021|2020|2019|2018|2017|2016|2015|2014|2013|2012|2011|2010|2009|1990,
924270c2-8cd0-4341-8549-e304ce0db259,marcelo-bucheli,Marcelo Bucheli,Marcelo Bucheli,mbucheli@illinois.edu,,https://openalex.org/A5011154552,,100,EXACT,TRUE,2026|2025|2024|2023|2022|2021|2020|2019|2018|2017|2016|2015|2014|2013|2012|2010|2009|2008|2007|2006,
bfff588d-8284-45d9-b227-dafcad2107d1,marcelo-cunha-medeiros,Marcelo Cunha Medeiros,Marcelo Cunha Medeiros,marcelom@illinois.edu,,https://openalex.org/A5058125982,,100,EXACT,TRUE,2026|2025|2024|2023|2022|2021|2020|2018|2015|2009,
5fbee580-ed5f-4572-b596-b08bbc4befcc,marcelo-garcia,Marcelo Garcia,Marcelo Horacio Garcia,mhgarcia@illinois.edu,https://openalex.org/A5015519647,https://openalex.org/A5015519647,,100,EXACT,TRUE,2026|2025|2024|2023|2022|2021|2020|2019|2018|2017|2016|2015|2014|2013|2012|2011|2010|2009|2008|2007|2006|2005|2004|2003|2002|2001|2000|1999|1998|1997|1996|1995|1994|1993|1992|1991,
08e7ea71-c977-4010-b05e-dfec33d55497,marco-caccamo,Marco Caccamo,Marco Caccamo,mcaccamo@illinois.edu,https://openalex.org/A5060442004,https://openalex.org/A5060442004,,100,EXACT,TRUE,2018|2017|2016|2015|2014|2013|2012|2011|2010|2009|2008|2007|2006|2005|2004|2003,
69bac65d-7d86-4dea-bc6d-6b2e2b6af02e,marco-morales-aguirre,Marco Morales Aguirre,Marco Morales,moralesa@illinois.edu,,https://openalex.org/A5048101285,,100,EXACT,TRUE,2026|2025|2024|2023|2022|2021,
c41b8dc7-f662-4e3b-9db7-e80624241344,marco-panesi,Marco Panesi,Marco Panesi,mpanesi@illinois.edu,https://openalex.org/A5071159349,https://openalex.org/A5071159349,,100,EXACT,TRUE,2026|2025|2024|2023|2022|2021|2020|2019|2018|2017|2016|2015|2014|2013|2012,
cb3ce915-abca-4a88-adc7-87eb19d3b5a9,marco-trevisani,marco Trevisani,,marcot@illinois.edu,,,,,UNLINKED,,,NO_AUTHOR_LINK
52d34570-83ed-43e4-9b3c-fa3673c9e7ed,margaret-m-fleck,Margaret M Fleck,Margaret M. Fleck,mfleck@illinois.edu,,https://openalex.org/A5050996925,,100,EXACT,TRUE,2012|2008,
a31daa3a-26ae-427e-8a68-636337573554,maria-bonita-villamil,Maria Bonita Villamil,María B. Villamil,villamil@illinois.edu,,https://openalex.org/A5010527134,,100,EXACT,TRUE,2026|2025|2024|2023|2022|2021|2020|2019|2018|2017|2016|2015|2014|2012|2011|2010|2008|2006,
1cd281f3-f362-480f-9514-4d18a9fd1ad8,maria-regina-cattai-de-godoy,Maria Regina Cattai de Godoy,María R C de Godoy,mgodoy2@illinois.edu,https://openalex.org/A5088686912,https://openalex.org/A5088686912,,100,EXACT,TRUE,2026|2025|2024|2023|2022|2021|2020|2019|2018|2017|2016|2015|2014|2013|2008|2007,
530b172e-e737-4533-b277-e635f1fdd356,maria-stella-bonn,Maria Stella Bonn,Maria Bonn,mbonn@illinois.edu,https://openalex.org/A5046357022,https://openalex.org/A5046357022,,92,STRONG,TRUE,2026|2023|2022|2020|2019|2018|2017|2016|2015|2014,
85727f55-a5f3-4fdc-8685-70cf668b9b94,mariana-elizabeth-kersh,Mariana Elizabeth Kersh,Mariana E. Kersh,mkersh@illinois.edu,,https://openalex.org/A5022029783,,100,EXACT,TRUE,2026|2025|2024|2023|2022|2021|2020|2019|2018|2017|2016|2015,
6cf20372-06dd-4aa6-8e47-02399ff35820,marianne-s-winslett,Marianne S Winslett,Marianne Winslett,winslett@illinois.edu,,https://openalex.org/A5011314280,,100,EXACT,TRUE,2022|2021|2020|2019|2018|2017|2016|2015|2014|2013|2012|2011|2010|2009|2008|2007|2006|2005|2004|2003|2002|2001|2000|1999|1998|1997|1996|1995|1994|1993|1992|1991|1990|1989|1988,
b2352c39-a4cd-4ade-8c72-7d3d99950f41,marie-charpagne,Marie Charpagne,,mcharp@illinois.edu,https://openalex.org/A5055530140,https://openalex.org/A5135911987,,,UNLINKED,,,OPENALEX_RECORD_NOT_FOUND
da54a232-195d-42f8-bc43-ab1a6dc0c480,marius-junge,Marius Junge,Marius Junge,mjunge@illinois.edu,,https://openalex.org/A5030843204,,100,EXACT,TRUE,2026|2025|2024|2023|2022|2021|2020|2019|2018|2017|2016|2015|2014|2013|2012|2011|2010|2009|2008|2007|2006|2005|2004|2003|2002|2000,
8b9a1803-7a46-47e8-b332-b29b5de38a00,mark-daniel-bernhardt,Mark Daniel Bernhardt,Dan Bernhardt,danber@illinois.edu,https://openalex.org/A5110071008,https://openalex.org/A5110071008,,76,REVIEW,TRUE,2026|2025|2024|2023|2022|2021|2020|2019|2018|2017|2016|2015|2014|2013|2012|2011|2010|2009|2008|2007|2006|2005|2004|2003|2002|2001|2000|1999|1998|1997|1993|1991,NAME_REVIEW
064068b6-3b5d-4a5a-b209-175ef1ec6810,mark-e-nelson,Mark E Nelson,Mark E Nelson,m-nelson@illinois.edu,https://openalex.org/A5101866630,https://openalex.org/A5101866630,,100,EXACT,TRUE,2024|2018|2015|2012|2011|2010|2008|2007|2006|2004|2003|2002|2001|2000|1999|1997|1996|1995|1994|1992,
efdc25b3-1842-44cf-9355-41c8ece6eb9a,mark-hasegawa-johnson,Mark Hasegawa-Johnson,Mark Hasegawa‐Johnson,jhasegaw@illinois.edu,https://openalex.org/A5004778663,https://openalex.org/A5004778663,,100,EXACT,TRUE,2026|2025|2024|2023|2022|2021|2020|2019|2018|2017|2016|2015|2014|2013|2012|2011|2010|2009|2008|2007|2006|2005|2004|2003|2002|2001|2000,
f2505797-0dfe-4abc-8f9c-15b7049644a5,mark-jason-lara,Mark Jason Lara,Mark Jason Lara,mjlara@illinois.edu,,https://openalex.org/A5036063743,,100,EXACT,TRUE,2026|2025|2024|2023|2022|2021|2020|2019|2018|2017,
e346b0b1-3218-40d5-ac86-7a83a41acc73,mark-neubauer,Mark Neubauer,Mark Neubauer,msn@illinois.edu,https://openalex.org/A5136935898,https://openalex.org/A5136935898,,100,EXACT,TRUE,2026,
8e2827f1-e810-41c5-9d12-30c3bb217dc5,marni-boppart,Marni Boppart,Marni D. Boppart,mboppart@illinois.edu,https://openalex.org/A5051614460,https://openalex.org/A5051614460,,100,EXACT,TRUE,2026|2025|2024|2023|2022|2021|2020|2019|2018|2017|2016|2015|2014|2013|2012|2011|2010|2009|2008|2006|2004,
c4b04385-6f02-4da4-beb4-025c39a9e189,martha-gillette,Martha Gillette,Martha Ulbrick Gillette,mgillett@illinois.edu,https://openalex.org/A5039332578,https://openalex.org/A5039332578,,100,EXACT,TRUE,2026|2025|2024|2023|2022|2020|2019|2018|2017|2016|2015|2014|2013|2012|2011|2010|2009|2008|2007|2006|2005|2004|2003|2002|2001|2000|1999|1998|1997|1996|1995|1994|1993|1992|1991|1990|1989|1988|1987|1986|1982,
187ab0d0-351f-4ba5-9660-ee9eac573678,martha-kyrillidou,Martha Kyrillidou,Martha Kyrillidou,kyrillid@illinois.edu,https://openalex.org/A5074873544,https://openalex.org/A5074873544,,100,EXACT,TRUE,2018|2016,
0d72086c-8168-4b93-8c85-81ecd58372a0,martin-burke,Martin Burke,Martin D. Burke,mdburke@illinois.edu,https://openalex.org/A5067967131,https://openalex.org/A5067967131,,100,EXACT,TRUE,2026|2025|2024|2023|2022|2021|2020|2019|2018|2017|2016|2015|2014|2013|2012|2011|2010|2009|2008|2007,
d05ffd01-dcae-4065-8a6b-c61d8be861fe,martin-d-f-wong,Martin D F Wong,Martin D. F. Wong,mdfwong@illinois.edu,,https://openalex.org/A5053378706,,100,EXACT,TRUE,2023|2021|2020|2019|2018|2017|2016|2015|2014|2013|2012|2011|2010|2009|2008|2007|2006|2005|2004|2003|2002|1987|1986,
aee80fc8-3264-4452-b0cd-4f4b6bde8465,martin-o-bohn,Martin O Bohn,Martin Bohn,mbohn@illinois.edu,,https://openalex.org/A5087238989,,100,EXACT,TRUE,2026|2025|2024|2023|2022|2021|2020|2018|2017|2016|2015|2014|2013|2011|2009|2008|2007|2006|2005|2004|2003,
010b054a-be32-43d5-890f-9328a2f4ea11,martin-starzewski,Martin Starzewski,Martin Ostoja‐Starzewski,martinos@illinois.edu,https://openalex.org/A5086044530,https://openalex.org/A5086044530,,88,STRONG,TRUE,2026|2025|2024|2023|2022|2021|2020|2019|2018|2017|2016|2015|2014|2013|2012|2011|2010|2009|2008|2007|2006,
d2c52086-8694-4962-b421-2444fa828266,mary-a-schuler,Mary A Schuler,,maryschu@illinois.edu,https://openalex.org/A5103177441,https://openalex.org/A5126092936,,,UNLINKED,,,OPENALEX_RECORD_NOT_FOUND
fafc3bcb-912d-451a-b4ce-ea35a97d55d7,mary-l-kraft,Mary L Kraft,Mary L. Kraft,mlkraft@illinois.edu,,https://openalex.org/A5058689865,,100,EXACT,TRUE,2026|2025|2024|2023|2022|2021|2020|2019|2018|2017|2016|2015|2014|2013|2012|2011|2010|2008|2004|2003|2002|2001|2000,
9577013a-59db-4fd6-a279-6d613b278718,mary-patricia-mcguire,Mary Patricia McGuire,Patricia D. McGuire,mpm1@illinois.edu,https://openalex.org/A5037417575,https://openalex.org/A5037417575,,76,REVIEW,FALSE,,NAME_REVIEW|NO_UIUC_AFFILIATION
0c9e6c6e-50d5-4721-a0c7-03577b78d1d3,masooda-n-bashir,Masooda N Bashir,Masooda N. Bashir,mnb@illinois.edu,https://openalex.org/A5058187967,https://openalex.org/A5058187967,,100,EXACT,TRUE,2026|2025|2024|2023|2022|2021|2020|2019|2018|2017|2016|2015|2014|2013|2012|2011,
c9488a02-21a5-49ea-b673-6f50e3c90cbd,matt-winters,Matt Winters,Matthew S. Winters,mwinters@illinois.edu,https://openalex.org/A5038689657,https://openalex.org/A5038689657,,80,REVIEW,TRUE,2026|2025|2024|2023|2022|2021|2020|2019|2018|2017|2016|2015|2014|2013|2012|2011|2010|2009,NAME_REVIEW
979b4180-6de4-4cb5-b034-23adfe41b054,matthew-b-wheeler,Matthew B Wheeler,Matthew B. Wheeler,mbwheele@illinois.edu,,https://openalex.org/A5001081617,,100,EXACT,TRUE,2026|2025|2024|2023|2022|2021|2020|2019|2018|2017|2016|2015|2014|2013|2012|2011|2010|2009|2008|2007|2006|2005|2004|2003|2002|2001|2000|1999|1998|1997|1996|1995|1994|1993,
dd1229de-cd05-4f69-b372-6db4edfd37a7,matthew-c-allender,Matthew C Allender,Matthew C. Allender,mcallend@illinois.edu,,https://openalex.org/A5082235914,,100,EXACT,TRUE,2026|2025|2024|2023|2022|2021|2020|2019|2018|2017|2016|2015|2014|2013|2012|2011|2010|2008|2007|2006,
b8906194-ce5b-4f26-9f49-ce089bac859d,matthew-c-stewart,Matthew C Stewart,Matthew C. Stewart,matt1@illinois.edu,,https://openalex.org/A5101952999,,100,EXACT,TRUE,2025|2023|2022|2021|2020|2019|2017|2016|2015|2014|2013|2012|2011|2010|2009|2008|2007|2006|2005|2004,
ef9135e2-6d37-4c35-aca2-f15c54396ebc,matthew-chapman-caesar,Matthew Chapman Caesar,Matthew Caesar,caesar@illinois.edu,,https://openalex.org/A5038897777,,100,EXACT,TRUE,2026|2025|2024|2023|2022|2021|2020|2019|2018|2017|2016|2015|2014|2013|2012|2011|2010|2009|2008,
79567f05-382f-42ab-a83d-3c747c4262b6,matthew-finkin,Matthew Finkin,Matthew Finkin*,mfinkin@illinois.edu,,https://openalex.org/A5138701842,,100,EXACT,TRUE,2026,
795a8811-d905-4ddb-8d98-b34723b5548c,matthew-gilbert,Matthew Gilbert,,matthewg@illinois.edu,https://openalex.org/A5078309692,https://openalex.org/A5124766184,,,UNLINKED,,,OPENALEX_RECORD_NOT_FOUND
b5a96ef3-0c20-4413-950f-6bdf66da3258,matthew-hudson,Matthew Hudson,Matthew B. Hudson,mhudson@illinois.edu,https://openalex.org/A5036915667,https://openalex.org/A5036915667,,100,EXACT,TRUE,2016,
e979b8f9-0ebb-4d71-88af-fd13f0f0f5f7,matthew-j-turk,Matthew J Turk,Matthew Turk,mjturk@illinois.edu,,https://openalex.org/A5018199600,,100,EXACT,TRUE,2026|2025|2024|2023|2022|2021|2020|2019|2018|2017|2016|2015|2014,
4404fe0e-459c-4c9e-a872-934d109ede2d,matthew-west,Matthew West,Matthew West,mwest@illinois.edu,https://openalex.org/A5001110474,https://openalex.org/A5001110474,,100,EXACT,TRUE,2026|2025|2024|2023|2022|2021|2020|2019|2018|2017|2016|2015|2014|2013|2012|2011|2010|2009|2008,
f4761874-0890-4a4d-9531-71099c5f376e,matthias-grosse-perdekamp,Matthias Grosse Perdekamp,M. Große Perdekamp,mgp@illinois.edu,,https://openalex.org/A5106468777,,100,EXACT,TRUE,2026|2025|2024|2023|2022|2021|2020|2019|2018|2017|2016|2015|2014|2013|2012|2011|2010|2009|2008|2007|2006|2005|2004|2003,
93045c10-9101-48fa-abfc-29f43f40fb87,mattia-gazzola,Mattia Gazzola,Mattia Gazzola,mgazzola@illinois.edu,,https://openalex.org/A5106466015,,100,EXACT,TRUE,2026|2025|2024|2023|2022|2021|2020|2019|2018,
3487e6b0-2cef-479a-9446-06a343a5c5df,maureen-mcmichael,Maureen McMichael,Maureen McMichael,mmcm@illinois.edu,https://openalex.org/A5061335615,https://openalex.org/A5061335615,,100,EXACT,TRUE,2021|2020|2019|2018|2017|2016|2015|2014|2013|2012|2011|2010,
29725d43-6946-431e-b205-b7101beb47be,maxim-raginsky,Maxim Raginsky,Maxim Raginsky,maxim@illinois.edu,https://openalex.org/A5044844161,https://openalex.org/A5044844161,,100,EXACT,TRUE,2026|2025|2024|2023|2022|2021|2020|2019|2018|2017|2016|2015|2014|2013|2012|2011|2010|2009|2008|2007|2006|2005,
28b77007-788a-4ef3-8fa7-257679dd896a,may-r-berenbaum,May R Berenbaum,May R. Berenbaum,maybe@illinois.edu,https://openalex.org/A5005001724,https://openalex.org/A5005001724,,100,EXACT,TRUE,2026|2025|2024|2023|2022|2021|2020|2019|2018|2017|2016|2015|2014|2013|2012|2011|2010|2009|2008|2007|2006|2005|2004|2003|2002|2001|2000|1999|1998|1997|1996|1995|1994|1993|1992|1991|1990|1989|1988|1987|1986|1985|1984|1983|1981,
55c7adbd-bc75-41a0-b4df-e33000c9617e,megan-konar,Megan Konar,Megan Konar,mkonar@illinois.edu,,https://openalex.org/A5069981543,,100,EXACT,TRUE,2026|2025|2024|2023|2022|2021|2020|2019|2018|2017|2016|2015|2014|2013,
32ef501a-a667-40cd-8ca9-0d80f1d61eaf,megan-m-mahoney,Megan M Mahoney,Megan M. Mahoney,mmm1@illinois.edu,https://openalex.org/A5084732984,https://openalex.org/A5084732984,,100,EXACT,TRUE,2026|2025|2024|2022|2021|2020|2019|2018|2017|2016|2015|2014|2013|2012|2011|2010|2009,
700d5403-ea9c-426a-9866-8d9047fab146,mei-po-kwan,Mei-Po Kwan,Mei‐Po Kwan,mkwan@illinois.edu,,https://openalex.org/A5009185228,,100,EXACT,TRUE,2021|2019|2018|2017|2016|2015|2014|2013,
5d788ebc-c1e9-4ff3-adc7-bf9eb2dc5881,melissa-g-ocepek,Melissa G Ocepek,Melissa G. Ocepek,mgocepek@illinois.edu,,https://openalex.org/A5009257784,,100,EXACT,TRUE,2026|2025|2024|2023|2022|2021|2020|2019|2018|2017|2016,
8bfd8acf-ee5f-4be1-bfb8-5e2c6755a36a,melissa-pokorny,Melissa Pokorny,Melissa Seriama Pokorny,mpokorny@illinois.edu,https://openalex.org/A5055448903,https://openalex.org/A5055448903,,88,STRONG,FALSE,,NO_UIUC_AFFILIATION
55e71973-15d5-4489-83cc-aa212c8f58aa,melkior-ornik,Melkior Ornik,Melkior Ornik,mornik@illinois.edu,https://openalex.org/A5070897457,https://openalex.org/A5070897457,,100,EXACT,TRUE,2026|2025|2024|2023|2022|2021|2020|2019,
0f1246f7-2fe4-46a7-9a5a-366c1de33002,michael-b-bragg,Michael B Bragg,Michael Bragg,mbragg@illinois.edu,https://openalex.org/A5109811268,https://openalex.org/A5109811268,,100,EXACT,TRUE,2023|2015|2014|2013|2012|2011|2010|2009|2008|2007|2006|2005|2004|2003|2002|2001|2000|1999|1998|1997|1996|1995|1994|1993|1992|1981,
6be040ea-25c9-4797-b737-030b7507137e,michael-bailey,michael Bailey,Michael Q. Bailey,mdbailey@illinois.edu,,https://openalex.org/A5045573429,,100,EXACT,TRUE,2022|2021|2020|2019|2018|2017|2016|2015|2014,
a2d29120-cb5c-4a33-8d7d-cd09ce0b6843,michael-benjamin-tissenbaum,Michael Benjamin Tissenbaum,,miketiss@illinois.edu,https://openalex.org/A5064894903,https://openalex.org/A5108689492,,,UNLINKED,,,OPENALEX_RECORD_NOT_FOUND
c6e26956-f494-4989-a908-ea5aba78fbae,michael-j-spinella,Michael J Spinella,Michael J. Spinella,spinella@illinois.edu,,https://openalex.org/A5027854986,,100,EXACT,TRUE,2026|2025|2024|2023|2022|2021|2020|2019|2018|2017|2016|1995,
bba94492-5ff0-434d-98c6-2b4f90ca2945,michael-l-oelze,Michael L Oelze,Michael L. Oelze,oelze@illinois.edu,https://openalex.org/A5004000426,https://openalex.org/A5004000426,,100,EXACT,TRUE,2026|2025|2024|2023|2022|2021|2020|2019|2018|2017|2016|2015|2014|2013|2012|2011|2010|2009|2008|2007|2006|2005|2004|2003|2002|2001,
0d853cbb-3f8b-4683-b959-67aecc1868c0,michael-miller,Michael Miller,Michael J. Miller,mille216@illinois.edu,https://openalex.org/A5007697293,https://openalex.org/A5007697293,,100,EXACT,TRUE,2026|2025|2024|2023|2022|2021|2020|2019|2018|2017|2016|2015|2014|2013|2012|2011|2010|2009|1988|1985|1984|1983,
59c2d995-af48-4226-a07f-649fc888e7e4,michael-patrick-ward,Michael Patrick Ward,Michael P. Ward,mpward@illinois.edu,https://openalex.org/A5033172164,https://openalex.org/A5033172164,,92,STRONG,TRUE,2025|2024|2023|2022|2021|2020|2019|2018|2017|2016|2015|2014|2013|2012|2011|2010|2009|2006|2005|2004,
c90d02cc-7438-4811-9c87-58029d9343bb,michael-s-selig,Michael S Selig,Michael S. Selig,m-selig@illinois.edu,,https://openalex.org/A5103250192,,100,EXACT,TRUE,2023|2022|2021|2020|2019|2018|2017|2016|2015|2014|2013|2012|2011|2010|2008|2007|2006|2004|2003|2002|2001|2000|1999|1998|1997|1996|1995|1994,
bd9afe8d-91b0-4ad2-8179-20d4473e43ff,michael-shaw,Michael Shaw,Michael J. Shaw,mjshaw@illinois.edu,https://openalex.org/A5046294900,https://openalex.org/A5046294900,,100,EXACT,TRUE,2023|2022|2021|2020|2019|2018|2017|2015|2013|2012|2011|2010|2009|2008|2007|2006|2005|2004|2003|2002|2001|2000|1999|1998|1997|1996|1995|1994|1993|1992|1990|1989|1988|1987|1985,
6806de9d-b41c-4f57-8d78-3347dd325310,michael-stone,Michael Stone,Michael Stone,m-stone5@illinois.edu,,https://openalex.org/A5102744991,,100,EXACT,TRUE,2025|2024|2023|2022|2020|2018|2017|2016|2015|2013|2012|2011|2009|2007|2006|2004|2002|2001|2000|1999|1998|1997|1996|1995|1994|1993|1992|1991|1990|1989|1988|1987|1986|1985|1984|1983|1982|1981,
8edfc8e0-b42f-4ac8-b9a5-713af573b8e5,michael-t-heath,Michael T Heath,Michael T. Heath,heath@illinois.edu,,https://openalex.org/A5112778840,,100,EXACT,TRUE,2023|2022|2018|2016|2015|2014|2013|2012|2011|2010|2009|2008|2006|2005|2004|2003|2002|2001|2000|1999|1998|1997|1995|1994|1993|1991,
cee3063e-3b5d-4808-adb5-c16ec10788f3,michael-twidale,Michael Twidale,Michael Bernard Twidale,twidale@illinois.edu,,https://openalex.org/A5085158617,,100,EXACT,TRUE,2026|2025|2024|2023|2022|2021|2020|2019|2018|2017|2016|2015|2014|2013|2012|2011|2010|2009|2008|2007|2006|2005|2004|2003|2000|1999|1998|1997,
421c1f70-923a-4e11-836b-79bc8c3fa7fd,michel-regenwetter,Michel Regenwetter,Michel Regenwetter,regenwet@illinois.edu,https://openalex.org/A5075019069,https://openalex.org/A5075019069,,100,EXACT,TRUE,2026|2025|2024|2023|2022|2021|2020|2019|2018|2017|2016|2015|2014|2013|2012|2011|2010|2009|2008|2007|2006|2005|2004|2003|2002|2001,
42d7cefa-62d4-4c88-9d6b-ec59ff7d4c2f,michelle-renee-nelson,Michelle Renee Nelson,Michelle R. Nelson,nelsonmr@illinois.edu,https://openalex.org/A5026499382,https://openalex.org/A5026499382,,92,STRONG,TRUE,2026|2025|2024|2023|2022|2021|2020|2019|2018|2017|2016|2015|2014|2013|2012|2011|2010|2009|2008|2007|2006|1996|1995,
8cf11ba8-c3d7-4aa2-ad1c-1e8b420c35ea,milan-k-bagchi,Milan K Bagchi,Milan K. Bagchi,mbagchi@illinois.edu,,https://openalex.org/A5076507508,,100,EXACT,TRUE,2026|2025|2024|2023|2022|2021|2020|2019|2018|2017|2016|2015|2014|2013|2012|2011|2010|2009|2007|2006|2005|2004|2003|2002,
be488899-2a28-4162-a49f-faddb139e8b8,min-zhan,Min Zhan,Min Zhan,mzhan@illinois.edu,,https://openalex.org/A5106886489,,100,EXACT,TRUE,2025|2024|2023|2022|2020|2019|2018|2016|2015|2014|2013|2011|2010|2009|2007|2006|2005|2004|2003,
d70cd29a-7f23-4c3f-b68f-191d10792a0e,minh-n-do,Minh N Do,Minh N. Do,minhdo@illinois.edu,https://openalex.org/A5005908865,https://openalex.org/A5005908865,,100,EXACT,TRUE,2026|2025|2024|2023|2022|2021|2020|2019|2018|2017|2016|2015|2014|2013|2012|2011|2010|2009|2008|2007|2006|2005|2004|2003|2000,
6fa3012c-bc12-496d-996c-51510f1b592e,minje-kim,Minje Kim,Minje Kim,minje@illinois.edu,https://openalex.org/A5064582903,https://openalex.org/A5064582903,,100,EXACT,TRUE,2026|2025|2024|2016|2015|2014|2013|2012,
c3ddb7ff-13b5-4893-8df0-3d70a2d8dc33,minjia-zhang,Minjia Zhang,Minjia Zhang,minjiaz@illinois.edu,https://openalex.org/A5077768924,https://openalex.org/A5077768924,,100,EXACT,TRUE,2026|2025|2024,
91cea0e5-b2db-41d0-8916-9cd6a4cb84ca,minjoo-lawrence-lee,Minjoo Lawrence Lee,Minjoo Larry Lee,mllee@illinois.edu,,https://openalex.org/A5081622311,,0,HIGH_RISK,TRUE,2026|2025|2024|2023|2022|2021|2020|2019|2018|2017|2016,NAME_HIGH_RISK
24f72c4f-375a-4ab8-9c92-b90d9ba3e0af,mohamad-alipour,Mohamad Alipour,Mohamad Alipour,alipour@illinois.edu,https://openalex.org/A5059147614,https://openalex.org/A5059147614,,100,EXACT,TRUE,2026|2025|2024|2023,
908e7d84-1901-4f41-9420-aeddc1692c2f,mohamed-ali-belabbas,Mohamed Ali Belabbas,Mohamed-Ali Belabbas,belabbas@illinois.edu,https://openalex.org/A5005234405,https://openalex.org/A5005234405,,100,EXACT,TRUE,2025|2024|2023|2022|2021|2020|2019|2018|2017|2016|2015|2014|2013,
b9081943-6dfe-4246-b082-c5ec37ea0cff,mohamed-boubekri,Mohamed Boubekri,Mohamed Boubekri,boubekri@illinois.edu,,https://openalex.org/A5112410761,,100,EXACT,TRUE,2025|2023|2022|2021|2020|2019|2018|2017|2014|2012|2010|2009|2008|2007|2005|2004|1997|1996|1995|1970,
c983e0e5-869b-42e4-ace3-8aacc71a8849,mohammad-babadoost,Mohammad Babadoost,Mohammad Babadoost,babadoos@illinois.edu,,https://openalex.org/A5091029338,,100,EXACT,TRUE,2026|2025|2024|2022|2021|2020|2019|2018|2016|2015|2014|2013|2012|2011|2010|2009|2008|2007|2006|2005|2004|2003|2002|2000,
c426f85b-5054-4a07-89a4-ae3d84fb251f,mohammed-el-kebir,Mohammed El-Kebir,Mohammed El-Kebir,melkebir@illinois.edu,,https://openalex.org/A5089040838,,100,EXACT,TRUE,2026|2025|2024|2023|2022|2021|2020|2019|2018,
8057e47c-cb9d-428b-9917-3734bf21eeea,molly-hathaway-goldstein,Molly Hathaway Goldstein,Molly Hathaway Goldstein,mhg3@illinois.edu,,https://openalex.org/A5035094703,,100,EXACT,TRUE,2026|2025|2024|2023|2022|2021|2020|2018|2015,
d5f8d89b-09d4-4d11-83fd-e22fc1f6e6a9,monica-fabiani,Monica Fabiani,Monica Fabiani,mfabiani@illinois.edu,,https://openalex.org/A5037196114,,100,EXACT,TRUE,2026|2025|2024|2023|2022|2021|2020|2019|2018|2017|2016|2015|2014|2013|2012|2011|2010|2009|2008|2007|2006|2005|2004|2003|2001|1990|1989|1986|1984,
2d053967-767d-4351-83e3-a695d96e279c,moonsub-shim,Moonsub Shim,Moonsub Shim,mshim@illinois.edu,https://openalex.org/A5090724934,https://openalex.org/A5090724934,,100,EXACT,TRUE,2026|2025|2024|2023|2022|2021|2020|2019|2018|2017|2016|2015|2014|2013|2012|2011|2010|2009|2008|2007|2006|2005|2004|2003,
f5b7939e-6bae-429b-8679-dd0613b8fad5,moses-okumu,Moses Okumu,Moses Okumu,okumu@illinois.edu,https://openalex.org/A5060619666,https://openalex.org/A5060619666,,100,EXACT,TRUE,2026|2025|2024|2023|2022|2021,
6d962dd6-3efb-4751-bae0-ba909fdaedf2,moshe-matalon,Moshe Matalon,Moshe Matalon,matalon@illinois.edu,,https://openalex.org/A5022996710,,100,EXACT,TRUE,2026|2025|2024|2023|2022|2021|2020|2019|2018|2017|2016|2015|2014|2012|2011|2010|2009|2008|2007|2004|1979,
9f5ce933-882c-445c-b0da-5cc466dc98f1,munir-h-nayfeh,Munir H Nayfeh,Munir Hasan Nayfeh,m-nayfeh@illinois.edu,,https://openalex.org/A5002712948,,100,EXACT,TRUE,2026|2025|2024|2023|2022|2021|2019|2018|2017|2016|2015|2013|2012|2011|2010|2009|2008|2007|2006|2005|2004|2003|2002|2001|2000|1999|1998|1997|1996|1995|1994|1993|1992|1991|1990|1989|1988|1987|1986|1985|1984|1983|1982|1981|1980|1979|1978,
7d8d3694-4c8c-4d71-8411-b920c16fe838,murugesu-sivapalan,Murugesu Sivapalan,Murugesu Sivapalan,sivapala@illinois.edu,,https://openalex.org/A5089753390,,100,EXACT,TRUE,2026|2025|2024|2023|2022|2021|2020|2019|2018|2017|2016|2015|2014|2013|2012|2011|2010|2009|2008|2007|2006|2005,
81fc9adc-367b-4496-b36a-0214c908857f,myung-ja-han,Myung-Ja Han,Myung-Ja K. Han,mhan3@illinois.edu,,https://openalex.org/A5030862603,,100,EXACT,TRUE,2026|2024|2021|2020|2018|2017|2016|2015|2014|2013|2012|2011|2010|2009|2008,
d9943036-32f8-4a64-b90f-12489172657a,na-wei,Na Wei,Na Wei,nawei2@illinois.edu,https://openalex.org/A5066245492,https://openalex.org/A5066245492,,100,EXACT,TRUE,2026|2025|2024|2023|2022|2021|2017|2014|2013|2012|2011,
cc586ab3-db34-4d67-b78b-62e9708ae6ce,nadya-mason,Nadya Mason,Nadya Mason,nadya@illinois.edu,,https://openalex.org/A5034476304,,100,EXACT,TRUE,2024|2023|2022|2021|2020|2019|2018|2016|2015|2014|2013|2012|2011|2010|2009|2006,
e18a9a23-2f81-4263-9f80-e37e7f377c43,nagi-mansour,Nagi Mansour,,nnm004@illinois.edu,https://openalex.org/A5003406635,https://openalex.org/A5137161962,,,UNLINKED,,,OPENALEX_RECORD_NOT_FOUND
08e2bd57-f608-416a-9f4a-d95ee8c89c04,naiman-a-khan,Naiman A Khan,Naiman A. Khan,nakhan2@illinois.edu,https://openalex.org/A5067579128,https://openalex.org/A5067579128,,100,EXACT,TRUE,2026|2025|2024|2023|2022|2021|2020|2019|2018|2017|2016|2015|2014|2013|2012|2011|2009|2007,
f81e4909-8869-4f54-9e33-be2cad27a980,naira-hovakimyan,Naira Hovakimyan,Naira Hovakimyan,nhovakim@illinois.edu,https://openalex.org/A5029998748,https://openalex.org/A5029998748,,100,EXACT,TRUE,2026|2025|2024|2023|2022|2021|2020|2019|2018|2017|2016|2015|2014|2013|2012|2011|2010|2009|2008,
ac13d080-487d-4e08-aa6f-e11e91e7a052,nam-sung-kim,Nam Sung Kim,Nam Sung Kim,nskim@illinois.edu,https://openalex.org/A5037648751,https://openalex.org/A5037648751,,100,EXACT,TRUE,2026|2025|2024|2023|2022|2021|2020|2019|2018|2017|2016|2015,
aa9b3876-63c7-44f6-9653-faecc04061a6,nan-jiang,Nan Jiang,Nan Jiang,nanjiang@illinois.edu,https://openalex.org/A5008181744,https://openalex.org/A5008181744,,100,EXACT,TRUE,2025|2024|2022|2021|2020|2019|2018|2017,
4d43362f-9faf-4a7e-9f74-ebae32968c03,nancy-amato,Nancy Amato,Nancy Amato,namato@illinois.edu,https://openalex.org/A5121363612,https://openalex.org/A5121363612,,100,EXACT,FALSE,,NO_UIUC_AFFILIATION
98f47b0c-8632-4e06-b968-50309a74808a,nancy-l-mcelwain,Nancy L McElwain,Nancy L. McElwain,mcelwn@illinois.edu,,https://openalex.org/A5040993718,,100,EXACT,TRUE,2026|2025|2024|2023|2022|2021|2020|2019|2018|2017|2016|2015|2014|2013|2012|2011|2010|2009|2008|2007|2006|2005,
9f2dcde2-307a-482b-8434-4dd18818cc73,nancy-makri,Nancy Makri,Nancy Makri,nmakri@illinois.edu,,https://openalex.org/A5065219049,,100,EXACT,TRUE,2026|2025|2024|2023|2022|2021|2020|2019|2018|2017|2016|2015|2014|2013|2012|2011|2010|2009|2008|2007|2006|2005|2004|2003|2002|2001|2000|1999|1998|1997|1996|1995|1994|1993|1992,
437478c5-809c-4208-907a-6ccf016a4410,nancy-r-sottos,Nancy R Sottos,Nancy R. Sottos,n-sottos@illinois.edu,https://openalex.org/A5048802994,https://openalex.org/A5048802994,,100,EXACT,TRUE,2026|2025|2024|2023|2022|2021|2020|2019|2018|2017|2016|2015|2014|2013|2012|2011|2010|2009|2008|2007|2006|2005|2004|2003|2002|2001|2000|1999|1998|1997|1996|1995|1994|1993|1992|1991,
da829df4-1922-41cf-81bc-6438ce8938d9,narendra-ahuja,Narendra Ahuja,Narendra Ahuja,n-ahuja@illinois.edu,,https://openalex.org/A5108521995,,100,EXACT,TRUE,2026|2025|2024|2023|2022|2021|2020|2019|2018|2017|2016|2015|2014|2013|2012|2011|2010|2009|2008|2007|2006|2005|2004|2003|2002|2001|2000|1999|1998|1997|1996|1995|1994|1993|1992|1991|1989|1988|1987|1986|1985|1984|1983|1982|1981|1980,
c6058b19-45d8-4ed4-b652-f51377aea823,naresh-r-shanbhag,Naresh R Shanbhag,Naresh R. Shanbhag,shanbhag@illinois.edu,https://openalex.org/A5057014407,https://openalex.org/A5057014407,,100,EXACT,TRUE,2026|2025|2024|2023|2022|2021|2020|2019|2018|2017|2016|2015|2014|2013|2012|2011|2010|2009|2008|2007|2006|2005|2004|2003|2002|2001|2000|1999|1998|1997|1996,
99d145bd-b183-4ab5-a6f0-d5bd4fac821e,nathan-r-todd,Nathan R Todd,Nathan R. Todd,ntodd2@illinois.edu,,https://openalex.org/A5082632545,,100,EXACT,TRUE,2026|2025|2024|2023|2022|2021|2020|2019|2018|2017|2016|2015|2014|2010|2009,
5cbc44da-af9f-4da4-9f94-a2c274bf6557,neal-j-cohen,Neal J Cohen,Neal J. Cohen,njc@illinois.edu,,https://openalex.org/A5005434848,,100,EXACT,TRUE,2026|2025|2024|2023|2022|2021|2020|2019|2018|2017|2016|2015|2014|2013|2012|2011|2010|2009|2008|2007|2006|2005|2004|2003|2002|2001|2000|1999|1998|1997|1996|1995|1994|1992|1991,
b5885704-ca57-4c52-b943-c07ef05bd474,ned-o-gorman,Ned O'Gorman,Ned O’Gorman,nogorman@illinois.edu,,https://openalex.org/A5048695388,,100,EXACT,TRUE,2026|2024|2022|2020|2018|2017|2016|2015|2014|2013|2011|2010|2008|2006,
6b2f95ca-e37f-44f8-b6e9-e58c0abae15c,nenad-miljkovic,Nenad Miljkovic,Nenad Miljkovic,nmiljkov@illinois.edu,https://openalex.org/A5033093452,https://openalex.org/A5033093452,,100,EXACT,TRUE,2026|2025|2024|2023|2022|2021|2020|2019|2018|2017|2016|2015|2014,
1173a626-077d-49f6-b40e-40477e4ed12a,nicholas-a-burd,Nicholas A Burd,Nicholas A. Burd,naburd@illinois.edu,https://openalex.org/A5005461791,https://openalex.org/A5005461791,,100,EXACT,TRUE,2026|2025|2024|2023|2022|2021|2020|2019|2018|2017|2016|2015|2014|2013,
b624c94f-213b-4f06-8bf3-2dc630c36896,nicholas-ching-hai-wu,Nicholas Ching Hai Wu,Nicholas C. Wu,nicwu@illinois.edu,https://openalex.org/A5037737527,https://openalex.org/A5037737527,,92,STRONG,TRUE,2026|2025|2024|2023|2022|2021|2020,
bfff75d7-188a-4537-b648-c1e0c033afff,nick-g-glumac,Nick G Glumac,Nick G Glumac,glumac@illinois.edu,,https://openalex.org/A5066434013,,100,EXACT,TRUE,2026|2025|2024|2023|2022|2021|2020|2019|2018|2017|2016|2015|2014|2013|2012|2011|2010|2009|2008|2007|2006|2005|2004|2003|2002|2001,
9b4436b5-0d0b-429a-8829-209693ec78cc,nick-jackson,Nick Jackson,Nicholas E. Jackson,jacksonn@illinois.edu,,https://openalex.org/A5024672065,,100,EXACT,TRUE,2026|2025|2024|2023|2022|2021|2020,
94e53c65-891c-41a5-8873-8d2b536d3033,nicki-engeseth,Nicki Engeseth,,engeseth@illinois.edu,https://openalex.org/A5072321694,https://openalex.org/A5133628026,,,UNLINKED,,,OPENALEX_RECORD_NOT_FOUND
d28a29ce-76d8-4a8a-b3c3-4e9476abd7a1,nicola-helen-perry,Nicola Helen Perry,,nhperry@illinois.edu,https://openalex.org/A5025464252,https://openalex.org/A5144242711,,,UNLINKED,,,OPENALEX_RECORD_NOT_FOUND
831ac9de-d82c-4058-b4b3-f51fbf301396,nicolas-yunes,Nicolas Yunes,Nicolás Yunes,nyunes@illinois.edu,https://openalex.org/A5034257635,https://openalex.org/A5034257635,,100,EXACT,TRUE,2026|2025|2024|2023|2022|2021|2020|2019,
f3301626-2860-4955-8801-dda64f2328e3,nicole-riemer,Nicole Riemer,Nicole Riemer,nriemer@illinois.edu,https://openalex.org/A5022554777,https://openalex.org/A5022554777,,100,EXACT,TRUE,2026|2025|2024|2023|2022|2021|2020|2019|2018|2017|2016|2015|2014|2013|2012|2011|2010|2009|2008,
d2e671f5-70c2-4a13-90dd-0c47939b8e49,nien-pei-tsai,Nien-Pei Tsai,Nien‐Pei Tsai,nptsai@illinois.edu,,https://openalex.org/A5024957372,,100,EXACT,TRUE,2026|2025|2024|2023|2022|2021|2020|2019|2018|2017|2016|2015|2014,
95e1a5e2-d89f-4657-b85d-55dac900aada,nigel-bosch,Nigel Bosch,Nigel Bosch,pnb@illinois.edu,,https://openalex.org/A5013490855,,100,EXACT,TRUE,2026|2025|2024|2023|2022|2021|2020|2019|2018|2017,
9f64fcc3-04cf-452c-83f9-22f9c479cfcf,nikita-borisov,Nikita Borisov,Nikita Borisov,nikita@illinois.edu,,https://openalex.org/A5024942018,,100,EXACT,TRUE,2026|2024|2023|2021|2020|2019|2018|2017|2016|2015|2014|2013|2012|2011|2010|2009|2008|2007|2006,
656eaa67-74b4-4487-a3f4-a29a8d5495dd,ning-wang,Ning Wang,Ning Wang,nwangrw@illinois.edu,https://openalex.org/A5100387089,https://openalex.org/A5100387089,,100,EXACT,TRUE,2023|2022|2021|2020|2019|2018|2017|2016|2015|2014|2013|2012|2011|2010|2009|2008|2007|2006,
9e905b03-7ecf-483a-bc1d-a8e83439254c,nishant-garg,Nishant Garg,Nishant Garg,nishantg@illinois.edu,https://openalex.org/A5073814953,https://openalex.org/A5073814953,,100,EXACT,TRUE,2026|2025|2024|2023|2022|2021,
813487a2-17cd-4f77-8bcb-76a0c807a18f,nora-el-gohary,Nora El-Gohary,Nora El-Gohary,gohary@illinois.edu,https://openalex.org/A5041397764,https://openalex.org/A5041397764,,100,EXACT,TRUE,2026|2025|2024|2023|2022|2021|2020|2019|2018|2017|2016|2015|2014|2013|2012|2011|2010|2009,
544daa8d-6c6b-480d-849f-33a9c073753f,olgica-milenkovic,Olgica Milenkovic,Olgica Milenković,milenkov@illinois.edu,https://openalex.org/A5084947882,https://openalex.org/A5084947882,,100,EXACT,TRUE,2026|2025|2024|2023|2022|2021|2020|2019|2018|2017|2016|2015|2014|2013|2012|2011|2010|2009|2008|2007,
3ebce17b-2847-432a-93b7-0123ddb5432d,oscar-lopez-pamies,Oscar Lopez-Pamies,Oscar Lopez‐Pamies,pamies@illinois.edu,https://openalex.org/A5056890577,https://openalex.org/A5056890577,,100,EXACT,TRUE,2026|2025|2024|2023|2022|2021|2020|2019|2018|2017|2016|2015|2014|2013|2012|2011,
da08c91a-98c2-4064-94ce-6c7e6198c4ec,pamela-a-wilkins,Pamela A Wilkins,Pamela A. Wilkins,pawilkin@illinois.edu,,https://openalex.org/A5110898604,,100,EXACT,TRUE,2026|2025|2024,
800b57a3-259b-414f-abb8-98fbcd7e1db1,pamela-ann-hadley,Pamela Ann Hadley,Pamela A. Hadley,phadley@illinois.edu,,https://openalex.org/A5040697733,,92,STRONG,TRUE,2026|2025|2024|2023|2022|2021|2020|2019|2018|2017|2016|2015|2014|2013|2012|2011|2010|2009,
07e3a427-9731-43ed-b4f1-a01628b07573,paolo-gardoni,Paolo Gardoni,Paolo Gardoni,gardoni@illinois.edu,https://openalex.org/A5041170074,https://openalex.org/A5041170074,,100,EXACT,TRUE,2026|2025|2024|2023|2022|2021|2020|2019|2018|2017|2016|2015|2014|2013|2012|2011,
6571d6b0-ccb2-433a-be27-f8783e0cce7d,paris-smaragdis,Paris Smaragdis,Paris Smaragdis,paris@illinois.edu,,https://openalex.org/A5038903729,,100,EXACT,TRUE,2025|2024|2023|2022|2021|2020|2019|2018|2017|2016|2015|2014|2013|2012|2011,
db03d94e-68e1-4248-a38f-9a3d505613b0,pascal-bellon,Pascal Bellon,Pascal Bellon,bellon@illinois.edu,,https://openalex.org/A5055154422,,100,EXACT,TRUE,2026|2025|2024|2023|2022|2021|2020|2019|2018|2017|2016|2015|2014|2013|2012|2011|2010|2009|2008|2007|2006|2005|2004|2003|2002|2001|2000|1999|1998|1997|1996|1995,
e832fb45-c7fd-4276-bfd2-dc2a15e23a78,pasquale-bottalico,Pasquale Bottalico,Pasquale Bottalico,pb81@illinois.edu,,https://openalex.org/A5006844785,,100,EXACT,TRUE,2026|2025|2024|2023|2022|2021|2020|2019|2018|2017,
96f9299f-3b6f-4cb6-b7bc-b468c170e79e,patricia-massae-oba,Patricia Massae Oba,Patrícia M Oba,obapm@illinois.edu,,https://openalex.org/A5065890153,,100,EXACT,TRUE,2026|2025|2024|2023|2022|2021|2020|2019|2018,
447c39af-6332-406d-b791-9e0b0726a080,patrick-i-draper,Patrick I Draper,Patrick Draper,pdraper@illinois.edu,https://openalex.org/A5079059209,https://openalex.org/A5079059209,,88,STRONG,TRUE,2026|2025|2024|2023|2022|2021|2020|2019|2018,
f92acb30-147b-4572-83ca-9abf9f3a901f,patrick-j-tranel,Patrick J Tranel,Patrick J. Tranel,tranel@illinois.edu,,https://openalex.org/A5036724519,,100,EXACT,TRUE,2026|2025|2024|2023|2022|2021|2020|2019|2018|2017|2016|2015|2014|2013|2012|2011|2010|2009|2008|2007|2006|2005|2004|2003|2002|2001|1998,
d3707428-f13f-40c6-91bc-f0f3d75fd7e1,patrick-t-vargas,Patrick T Vargas,Patrick T. Vargas,pvargas@illinois.edu,,https://openalex.org/A5059910165,,100,EXACT,TRUE,2021|2020|2019|2018|2017|2016|2015|2014|2013|2011|2010|2007|2006|2005|2004|2003,
46e9491f-27d4-414a-95c2-b8b951d7407e,paul-fischer,Paul Fischer,Paul H. Fischer,fischerp@illinois.edu,https://openalex.org/A5101625386,https://openalex.org/A5101625386,,100,EXACT,FALSE,,NO_UIUC_AFFILIATION
27c2cac1-cac8-4338-a1ae-199861001f1a,paul-g-kwiat,Paul G Kwiat,Paul G. Kwiat,kwiat@illinois.edu,https://openalex.org/A5038980216,https://openalex.org/A5038980216,,100,EXACT,TRUE,2026|2025|2024|2023|2022|2021|2020|2019|2018|2017|2016|2015|2014|2013|2012|2011|2010|2009|2008|2007|2006|2005|2004|2003|2002|2001,
752ae424-1c6b-4909-b403-e88a33545df9,paul-hergenrother,Paul Hergenrother,Paul J. Hergenrother,hergenro@illinois.edu,,https://openalex.org/A5027996458,,100,EXACT,TRUE,2026|2025|2024|2023|2022|2021|2020|2019|2018|2017|2016|2015|2014|2013|2012|2011|2010|2009|2008|2007|2006|2005|2004|2003|2002,
03c5f419-07af-4514-92ba-ff8e914b3034,paul-j-a-kenis,Paul J A Kenis,Paul J. A. Kenis,kenis@illinois.edu,https://openalex.org/A5057868460,https://openalex.org/A5057868460,,100,EXACT,TRUE,2026|2025|2024|2023|2022|2021|2020|2019|2018|2017|2016|2015|2014|2013|2012|2011|2010|2009|2008|2007|2006|2005|2004|2003,
9f100069-0732-4bda-99c8-eeb6856387eb,paul-milton-ricker,Paul Milton Ricker,P. M. Ricker,pmricker@illinois.edu,https://openalex.org/A5001105214,https://openalex.org/A5001105214,,92,STRONG,TRUE,2024|2022|2021|2020|2019|2018|2017|2016|2015|2013|2012|2011|2010|2009|2008|2007|2006|2005|2004|2003,
8ab069ed-c3a8-40fb-8d70-ee794bfa38bb,paul-selvin,Paul Selvin,Paul Selvin,selvin@illinois.edu,https://openalex.org/A5140554794,https://openalex.org/A5140554794,,100,EXACT,TRUE,2026,
377e6715-7294-4331-baee-38ca5f4dfa8c,paul-v-braun,Paul V Braun,Paul V. Braun,pbraun@illinois.edu,https://openalex.org/A5040320137,https://openalex.org/A5040320137,,100,EXACT,TRUE,2026|2025|2024|2023|2022|2021|2020|2019|2018|2017|2016|2015|2014|2013|2012|2011|2010|2009|2008|2007|2006|2005|2004|2003|2002|2001|1999|1997|1996,
e4d31d7f-5a12-4e6c-932b-d752a65986b4,pavan-kumar-hanumolu,Pavan Kumar Hanumolu,Pavan Kumar Hanumolu,hanumolu@illinois.edu,https://openalex.org/A5036789252,https://openalex.org/A5036789252,,100,EXACT,TRUE,2026|2025|2024|2023|2022|2021|2020|2019|2018|2017|2016|2015|2014|2012,
b35e3a15-5e2e-402f-b11d-bf752707ded6,pawan-singh-takhar,Pawan Singh Takhar,Pawan S. Takhar,ptakhar@illinois.edu,,https://openalex.org/A5103228885,,100,EXACT,TRUE,2025|2024|2023|2022|2021|2020|2019|2018|2017|2016|2015|2014|2013|2012,
d8ad353a-f4ce-46e7-a7c7-1c15d05d7a14,peter-a-fritzsche,Peter A Fritzsche,Peter A. Fritzsche,pfritzsc@illinois.edu,,https://openalex.org/A5055904189,,100,EXACT,TRUE,2023|2021|2020|2019|2015|2013|2012|2011|2010|2009|2008|2007|2006|2005|2004|2003|2002|2001|2000|1999|1998|1997|1996|1994|1993|1992|1990,
52917ece-46cd-42c9-a720-97065e19fbfa,peter-abbamonte,Peter Abbamonte,Peter M. Abbamonte,abbamont@illinois.edu,https://openalex.org/A5079392778,https://openalex.org/A5079392778,,100,EXACT,TRUE,2026|2025|2024|2023|2022|2021|2020|2019|2018|2017|2016|2015|2014|2013|2012|2011|2010|2009|2008|2007|2006|2005|2000|1999|1996|1994,
7eb488a6-cedd-455d-96a4-59be6126a703,peter-constable,Peter Constable,Peter D. Constable,constabl@illinois.edu,https://openalex.org/A5079923461,https://openalex.org/A5079923461,,100,EXACT,TRUE,2026|2025|2024|2023|2022|2021|2020|2019|2018|2017|2016|2015|2014|2009|2008|2007|2006|2005|2004|2003|2002|2001|2000|1999|1998|1997|1996|1995|1994,
a40e1d7f-1d3a-4f3b-9fa4-c8f95ecd0946,peter-d-dragic,Peter D Dragic,Peter D. Dragic,p-dragic@illinois.edu,https://openalex.org/A5048581010,https://openalex.org/A5048581010,,100,EXACT,TRUE,2026|2025|2024|2023|2022|2021|2020|2019|2018|2017|2016|2015|2014|2013|2012|2011|2010|2009|2008|2007|2005|2004|1999|1997,
6e75741c-e0f0-48d7-a792-6d5a06bbcdba,peter-john-adshead,Peter John Adshead,Peter Adshead,adshead@illinois.edu,https://openalex.org/A5044131605,https://openalex.org/A5044131605,,92,STRONG,TRUE,2026|2025|2024|2023|2022|2021|2020|2019|2018|2017|2016|2015|2014,
9ef9a02f-1616-41e5-809c-f30c83051980,peter-thomas-darch,Peter Thomas Darch,Peter T. Darch,ptdarch@illinois.edu,,https://openalex.org/A5085246934,,100,EXACT,TRUE,2026|2025|2023|2022|2020|2019|2018|2017|2016,
cf962878-8a64-42b7-9f28-72226a7d51de,petros-sofronis,Petros Sofronis,Petros Sofronis,sofronis@illinois.edu,,https://openalex.org/A5058174985,,100,EXACT,TRUE,2026|2025|2024|2023|2022|2021|2020|2019|2018|2017|2016|2015|2014|2013|2012|2011|2010|2009|2008|2007|2006|2005|2004|2003|2002|2001|2000|1999|1998|1997|1996|1995|1994|1993|1989,
fd81c3a4-f1d5-4c47-a1a4-e599aea35d6d,phil-cardoso,Phil Cardoso,Phil Cardoso,cardoso2@illinois.edu,,https://openalex.org/A5112648441,,100,EXACT,TRUE,2020|2018|2016,
1f8200e2-e834-4b93-95df-25b54e6ee56f,philip-b-godfrey,Philip B Godfrey,P. Brighten Godfrey,pbg@illinois.edu,https://openalex.org/A5066308539,https://openalex.org/A5066308539,,92,STRONG,TRUE,2025|2024|2023|2021|2020|2018|2017|2016|2015|2014|2013|2012|2011|2010|2009,
f487fc55-8aed-4774-8ecc-34b35c0f6ac1,philip-s-l-anderson,Philip S L Anderson,Philip S. L. Anderson,andersps@illinois.edu,https://openalex.org/A5001658150,https://openalex.org/A5001658150,,100,EXACT,TRUE,2026|2025|2024|2023|2022|2021|2020|2019|2018|2017|2016,
bdb00f63-60aa-41fe-8a42-5a03a8aabb3b,philip-w-phillips,Philip W Phillips,Philip Phillips,dimer@illinois.edu,https://openalex.org/A5039385849,https://openalex.org/A5039385849,,100,EXACT,TRUE,2026|2025|2024|2023|2022|2021|2020|2019|2018|2017|2016|2015|2014|2013|2012|2011|2010|2009|2008|2007|2006|2005|2004|2003|2002|2001|2000|1999|1998|1997|1996|1995|1994,
266690db-ab98-4626-9b73-bfad23f430a4,philippe-di-francesco,Philippe Di Francesco,Philippe Di Francesco,philippe@illinois.edu,https://openalex.org/A5046514222,https://openalex.org/A5046514222,,100,EXACT,TRUE,2026|2025|2024|2023|2021|2020|2019|2018|2017|2016|2015|2014|2013|2009,
4bd0a141-db51-49a2-bee9-1a766a151745,philippe-geubelle,Philippe Geubelle,Philippe Geubelle,geubelle@illinois.edu,https://openalex.org/A5108628985,https://openalex.org/A5108628985,,100,EXACT,TRUE,2026|2025|2007|2001|2000|1999,
a78ba30f-2b30-4e4e-9513-7716e37877b8,phillip-j-ansell,Phillip J Ansell,Phillip J. Ansell,ansell1@illinois.edu,,https://openalex.org/A5005382721,,100,EXACT,TRUE,2026|2025|2024|2023|2022|2021|2020|2019|2018|2017|2016|2015|2014|2013|2012|2011|2010,
28141103-0511-47e4-b7b3-cde491d88e40,pierre-moulin,Pierre Moulin,Pierre Moulin,pmoulin@illinois.edu,https://openalex.org/A5043000577,https://openalex.org/A5043000577,,100,EXACT,TRUE,2024|2023|2022|2021|2020|2019|2018|2017|2016|2015|2014|2013|2012|2011|2010|2009|2008|2007|2006|2005|2004|2003|2002|2001|2000|1999|1998|1997,
3f9d5033-761b-400d-b83e-9c9ab6bf66bb,pingfeng-wang,Pingfeng Wang,Pingfeng Wang,pingfeng@illinois.edu,https://openalex.org/A5051380291,https://openalex.org/A5051380291,,100,EXACT,TRUE,2026|2025|2024|2023|2022|2021|2020|2019|2018|2017,
12b80f48-e77c-4cd2-ac99-3f5227d50a5c,pinshane-huang,Pinshane Huang,Pinshane Y. Huang,pyhuang@illinois.edu,https://openalex.org/A5072717764,https://openalex.org/A5072717764,,100,EXACT,TRUE,2026|2025|2024|2023|2022|2021|2020|2019|2018|2017|2015|2008,
1f52823d-21d6-4724-8595-b52bfba5deb5,placid-mathew-ferreira,Placid Mathew Ferreira,Placid Mathew Ferreira,pferreir@illinois.edu,https://openalex.org/A5079436322,https://openalex.org/A5079436322,,100,EXACT,TRUE,2024|2023|2022|2021|2020|2019|2018|2017|2016|2015|2014|2013|2012|2011|2010|2009|2008|2007|2006|2005|2004|2003|2002|2001|2000|1999|1998|1997|1995|1994|1993|1992|1988,
b84db2db-fa1e-4135-a215-c5f4d77391bf,po-chao-wen,Po-Chao Wen,Po‐Chao Wen,pwen2@illinois.edu,https://openalex.org/A5046925755,https://openalex.org/A5046925755,,100,EXACT,TRUE,2026|2025|2024|2023|2022|2021|2020|2019|2018|2017|2016|2015|2014|2013|2012|2011|2010|2009|2008,
843da168-f4bd-4156-9bb0-25ec16c7f477,pramod-viswanath,Pramod Viswanath,Pramod Viswanath,pramodv@illinois.edu,,https://openalex.org/A5053980484,,100,EXACT,TRUE,2025|2023|2022|2021|2020|2019|2018|2017|2016|2015|2014|2013|2012|2011|2010|2009|2008|2007|2006|2005|2004|2003|2002|2001,
ec7b76b8-4d70-4f6e-9802-76d886a06ee0,prashant-girdharilal-mehta,Prashant Girdharilal Mehta,Prashant G. Mehta,mehtapg@illinois.edu,https://openalex.org/A5081314418,https://openalex.org/A5081314418,,92,STRONG,TRUE,2026|2025|2024|2023|2022|2021|2020|2019|2018|2017|2016|2015|2014|2013|2012|2011|2010|2009|2008|2007|2006,
6c3756c8-a2cd-4f84-8372-0cee73997c90,prashant-jain,Prashant Jain,Prashant Jain,jain@illinois.edu,,https://openalex.org/A5032971371,,100,EXACT,TRUE,2010|2009|2008|2007,
af519ccd-986f-4b91-924d-cefcab09efd1,praveen-kumar,Praveen Kumar,Praveen Kumar,kumar1@illinois.edu,https://openalex.org/A5079740733,https://openalex.org/A5079740733,,100,EXACT,TRUE,2026|2025|2024|2023|2022|2021|2020|2019|2018|2017|2016|2015|2014|2013|2012|2011|2010|2009|2008|2007|2006|2005|2004|2003|2002|2001|2000|1999|1997,
5ff88fa6-7f27-4e21-9a8c-775785ad7ea3,qian-chen,Qian Chen,Qian Chen,qchen20@illinois.edu,https://openalex.org/A5100428457,https://openalex.org/A5100428457,,100,EXACT,TRUE,2026|2025|2024|2023|2022|2021|2020|2019|2018|2017|2016|2013|2012|2011|2010|2009|2008,
52691e28-4318-4e2d-858f-c5e95dd0c837,qing-cao,Qing Cao,Qing Ping Cao,qingcao2@illinois.edu,https://openalex.org/A5101692228,https://openalex.org/A5101692228,,100,EXACT,TRUE,2025|2024|2023|2022|2021|2020|2019|2011|2010|2009|2008|2007|2006|2005,
b0f2ad07-960d-41a3-93e4-443a12cf2c29,r-chris-fraley,R Chris Fraley,,rcfraley@illinois.edu,https://openalex.org/A5088807247,https://openalex.org/A5121976659,,,UNLINKED,,,OPENALEX_RECORD_NOT_FOUND
be079260-e03c-4758-a78e-6f58258c1520,r-h-campbell,R H Campbell,Roy H. Campbell,rhc@illinois.edu,https://openalex.org/A5065622216,https://openalex.org/A5065622216,,100,EXACT,TRUE,2024|2023|2022|2021|2020|2019|2018|2017|2016|2015|2014|2013|2012|2011|2010|2009|2008|2007|2006|2005|2004|2003|2002|2001|2000|1999|1998|1997|1996|1995|1994|1992|1991|1990|1989|1988|1987|1986|1985|1984|1983|1981|1980,
739d5a83-0651-40e9-8937-2dfa51630159,rachel-cheree-garthe,Rachel Cheree Garthe,Rachel C. Garthe,rcgarthe@illinois.edu,https://openalex.org/A5011112582,https://openalex.org/A5011112582,,92,STRONG,TRUE,2026|2025|2024|2023|2022|2021|2020|2019|2018,
dd11ad4f-5127-4d7f-b82b-b3c73c56914f,rachel-whitaker,Rachel Whitaker,,rwhitakr@illinois.edu,https://openalex.org/A5000063587,https://openalex.org/A5132996478,,,UNLINKED,,,OPENALEX_RECORD_NOT_FOUND
5759a725-adf0-4e13-9de3-7da758c5f57d,rafael-fernandes,Rafael Fernandes,Rafael M. Fernandes,rafaelf@illinois.edu,https://openalex.org/A5071265683,https://openalex.org/A5071265683,,100,EXACT,TRUE,2026|2025,
4d396af2-3eee-4204-90a2-c5caaf83335a,rafael-omar-tinoco-lopez,Rafael Omar Tinoco Lopez,Rafael O. Tinoco,tinoco@illinois.edu,https://openalex.org/A5029062924,https://openalex.org/A5029062924,,92,STRONG,TRUE,2026|2025|2024|2023|2022|2021|2020|2019|2018|2017|2016,
83a24dfa-5b82-4887-9b52-e88b17ac32a0,rahim-f-benekohal,Rahim F Benekohal,Rahim Farahnak Benekohal,rbenekoh@illinois.edu,,https://openalex.org/A5032073728,,100,EXACT,TRUE,2025|2023|2022|2021|2020|2017|2016|2015|2014|2013|2012|2011|2010|2009|2008|2007|2006|2005|2004|2003|2002|2001|2000|1999|1998|1997|1993|1992,
c3aadfe6-7d85-4a9a-a556-a2ecf99fdc01,rakesh-kumar,Rakesh Kumar,Rakesh Kumar,rakeshk@illinois.edu,https://openalex.org/A5067547869,https://openalex.org/A5067547869,,100,EXACT,TRUE,2026|2023|2022|2021|2020|2019|2018|2017|2016|2015|2014|2013|2012|2011|2010|2009|2008|2007|2005,
4cd1ad1c-034b-4052-b2b7-945d3275aabd,rakesh-mohan-bhatt,Rakesh Mohan Bhatt,Rakesh Mohan Bhatt,rbhatt@illinois.edu,https://openalex.org/A5041816532,https://openalex.org/A5041816532,,100,EXACT,TRUE,2024,
0723fcae-b7e0-4442-9eec-4d51c9fa10b0,raksha-mudar,Raksha Mudar,Raksha Anand Mudar,raksha@illinois.edu,https://openalex.org/A5126318252,https://openalex.org/A5003935372,,100,EXACT,TRUE,2026|2025|2024|2023|2022|2021|2020|2019|2018|2017|2016|2015|2014|2013|2012,
dbfd4324-e453-4587-8b6b-66489c35c423,ralph-w-mathisen,Ralph W Mathisen,Ralph Whitney Mathisen,ralphwm@illinois.edu,,https://openalex.org/A5008375911,,100,EXACT,TRUE,2024|2020|2016|2012|2009|2007|2004|2002,
7eedf7ad-6015-447b-96ae-2a8a116b6764,ramanath-subramanyam,Ramanath Subramanyam,Ramanath Subramanyam,rsubrama@illinois.edu,,https://openalex.org/A5044960371,,100,EXACT,TRUE,2025|2023|2022|2021|2020|2019|2018|2017|2016|2015|2013|2012|2011|2010|2009|2008|2007|2006,
d9fb36a1-d8f9-463d-b53c-c6284c309726,ramavarapu-s-sreenivas,Ramavarapu S Sreenivas,Ramavarapu S. Sreenivas,rsree@illinois.edu,,https://openalex.org/A5140667356,,100,EXACT,TRUE,2026,
3fd7c9c5-a62c-4386-b93c-fbe9d7f1840e,ramez-hajj,Ramez Hajj,Ramez Hajj,rhajj@illinois.edu,https://openalex.org/A5062961698,https://openalex.org/A5062961698,,100,EXACT,TRUE,2026|2025|2024|2023|2022|2021|2020,
065072fa-fe34-46da-84a8-d083b8d73431,ramona-faith-oswald,Ramona Faith Oswald,Ramona Faith Oswald,roswald@illinois.edu,https://openalex.org/A5011418796,https://openalex.org/A5011418796,,100,EXACT,TRUE,2025|2021|2020|2019|2018|2017|2016|2015|2014|2013|2012|2011|2010|2009|2008|2006|2005|2004|2003|2002|2001|2000|1999,
6476d507-2453-4024-a047-79c90735ec0c,randall-deutsch,Randall Deutsch,Randall Deutsch,rdeutsch@illinois.edu,,https://openalex.org/A5029715631,,100,EXACT,TRUE,2015,
31576acf-8e1a-431e-93a2-cd4bc1380ed2,randy-h-ewoldt,Randy H Ewoldt,Randy H. Ewoldt,ewoldt@illinois.edu,https://openalex.org/A5031482147,https://openalex.org/A5031482147,,100,EXACT,TRUE,2026|2025|2024|2023|2022|2021|2020|2019|2018|2017|2016|2015|2014|2013|2012|2011,
917eb108-b2ba-4de2-92ad-b52f27dc82ff,ranjitha-kumar,Ranjitha Kumar,Ranjitha S. Kumar,ranjitha@illinois.edu,,https://openalex.org/A5027407975,,100,EXACT,TRUE,2026|2025|2024|2023|2022|2021|2020|2019|2018|2017|2016|2015,
a3ea86ef-3af5-4a49-b2c6-d80f05fb9937,ranxiao-wang,Ranxiao Wang,Ranxiao Wang,wang18@illinois.edu,,https://openalex.org/A5028258744,,100,EXACT,TRUE,2017,
d9aaec4f-1485-4d0c-9eae-342e9b456d75,rashid-bashir,Rashid Bashir,Rashid Bashir,rbashir@illinois.edu,https://openalex.org/A5050715203,https://openalex.org/A5050715203,,100,EXACT,TRUE,2026|2025|2024|2023|2022|2021|2020|2019|2018|2017|2016|2015|2014|2013|2012|2011|2010|2009|2008|2005|2004,
a509560e-d083-4194-90fb-b4c8560d16ee,ravishankar-k-iyer,Ravishankar K Iyer,Ravishankar K. Iyer,rkiyer@illinois.edu,,https://openalex.org/A5067802693,,100,EXACT,TRUE,2026|2025|2024|2023|2022|2021|2020|2019|2018|2017|2016|2015|2014|2013|2012|2011|2010|2009|2008|2007|2006|2005|2004|2003|2002|2001|2000|1999|1998|1997|1996|1995|1994|1993|1992|1991|1990|1989|1988|1987|1986|1985,
77605dcb-ac86-4a49-b231-81401d1c76e0,rayadurgam-srikant,Rayadurgam Srikant,R. Srikant,rsrikant@illinois.edu,https://openalex.org/A5078518595,https://openalex.org/A5078518595,,100,EXACT,TRUE,2026|2025|2024|2023|2022|2021|2020|2019|2018|2017|2016|2015|2014|2013|2012|2011|2010|2009|2008|2007|2006|2005|2004|2003|2002|2001|2000|1999|1998|1997|1996|1995|1992|1991|1990,
c8788348-0f91-4eb6-ba83-640a8287c8d1,rebecca-stumpf,Rebecca Stumpf,Rebecca M. Stumpf,rstumpf@illinois.edu,,https://openalex.org/A5017036390,,100,EXACT,TRUE,2026|2025|2022|2021|2020|2019|2018|2017|2016|2015|2014|2013|2012|2011|2010|2009|2008|2007|2006|2005|2004,
59ab2a2c-40e7-4312-a708-c203deffe953,reed-w-larson,Reed W Larson,Reed W. Larson,larsonr@illinois.edu,,https://openalex.org/A5061646387,,100,EXACT,TRUE,2024|2022|2021|2020|2019|2018|2017|2016|2015|2014|2013|2012|2011|2010|2009|2007|2006|2005|2004|2003|2002|2001|2000|1999|1998|1997|1996|1995|1994|1993|1992|1991|1990|1989|1988|1987|1986|1985,
da050c33-b117-4f67-abd1-fc17ab5605fb,renming-song,Renming Song,Renming Song,rsong@illinois.edu,,https://openalex.org/A5101576656,,100,EXACT,TRUE,2026|2025|2024|2023|2022|2021|2020|2019|2018|2017|2016|2015|2014|2013|2012|2011|2010|2009|2008|2007|2006|2005|2004|2003|2002|2001|2000|1999|1998|1997,
b24815b9-8263-4044-9b94-3df235726d97,richard-b-sowers,Richard B Sowers,Richard B. Sowers,r-sowers@illinois.edu,,https://openalex.org/A5018183293,,100,EXACT,TRUE,2025|2024|2023|2022|2021|2020|2019|2018|2017|2016|2015|2014|2013|2012|2011|2010|2009|2008|2007|2004|2003|2002|2001|2000|1999,
96344d43-9f88-4e6d-a46d-59ca48663112,richard-j-brazee,Richard J Brazee,Richard J. Brazee,brazee@illinois.edu,,https://openalex.org/A5067061277,,100,EXACT,TRUE,2024|2020|2011|2010|2006|2003|2001|2000|1999|1998|1997|1996|1993|1992|1991,
790d2c9b-72db-4496-86ff-e9922c7132ad,richard-l-mulvaney,Richard L Mulvaney,R. L. Mulvaney,mulvaney@illinois.edu,,https://openalex.org/A5006504040,,100,EXACT,TRUE,2025|2024|2023|2022|2021|2020|2019|2018|2016|2015|2013|2012|2010|2009|2008|2007|2005|2004|2003|2002|2001|2000|1999|1998|1997|1996|1995|1994|1993|1992|1991|1990|1989|1988|1987|1986|1985|1984,
3fd426b8-d8b9-4603-be42-ad98159e1822,richard-s-laugesen,Richard S. Laugesen,Richard Snyder Laugesen,laugesen@illinois.edu,https://openalex.org/A5005708281,https://openalex.org/A5005708281,,100,EXACT,TRUE,2025|2024|2023|2022|2021|2020|2019|2018|2017|2016|2015|2014|2013|2012|2011|2010|2009|2008|2007|2006|2005|2003|2002|2001|2000|1998,
e29967ca-d592-4511-aab6-43475d3467cf,richard-tempest,Richard Tempest,Ричард Темпест,rtempest@illinois.edu,,https://openalex.org/A5081207409,,100,EXACT,TRUE,2023|2021|2020|2018|2016|2015|2014|2007|2004|1991|1986,
c4afef7b-7a67-4efb-a6b2-6ca79550fb37,rinat-kedem,Rinat Kedem,Rinat Kedem,rinat@illinois.edu,,https://openalex.org/A5017926492,,100,EXACT,TRUE,2025|2024|2023|2021|2019|2018|2017|2014|2013|2011|2010|2009|2008|2006|2005|2004|2002,
3626a4f8-c242-4186-b2dc-3ceea3f907d0,ripan-s-malhi,Ripan S Malhi,,malhi@illinois.edu,https://openalex.org/A5135504594,https://openalex.org/A5135504594,,,UNLINKED,,,OPENALEX_RECORD_NOT_FOUND
a902627d-6fdd-4445-931f-ebf4d973791c,robert-b-haber,Robert B Haber,Robert B. Haber,rbh3@illinois.edu,,https://openalex.org/A5091537826,,100,EXACT,TRUE,2018|2017|2015|2013|2011|2009|2008|2007|2006|2005|2004|2003|2000|1998|1997|1996|1994|1993|1992|1991|1990|1989|1988|1987|1986|1985|1984|1983|1982|1981,
93f4cbb3-f1da-4ca0-b4cf-7fae4f1a1488,robert-bennett-gennis,Robert Bennett Gennis,Robert B. Gennis,r-gennis@illinois.edu,https://openalex.org/A5008855880,https://openalex.org/A5008855880,,92,STRONG,TRUE,2026|2025|2024|2022|2021|2020|2019|2018|2017|2016|2015|2014|2013|2012|2011|2010|2009|2008|2007|2006|2005|2004|2003|2002|2001|2000|1999|1998|1997|1996|1995|1994|1993|1992|1991|1990|1989|1988|1987|1986|1985|1984|1983|1982|1980|1977|1976|1975,
c59764e8-7a61-434f-ade0-3394f99e2d58,robert-d-skeel,Robert D Skeel,Robert D. Skeel,skeel@illinois.edu,,https://openalex.org/A5049797937,,100,EXACT,TRUE,2006|2005|2003|2002|2001|2000|1999|1998|1997|1996|1995|1994|1993|1992|1991|1989|1988|1987|1986|1981|1980|1979|1977,
8f0b7848-2736-49eb-b9d0-88dc0b035cf4,robert-g-leigh,Robert G Leigh,Robert G. Leigh,rgleigh@illinois.edu,,https://openalex.org/A5063527978,,100,EXACT,TRUE,2026|2025|2024|2023|2022|2021|2020|2019|2018|2017|2016|2015|2014|2013|2012|2011|2010|2009|2008|2007|2006|2004|2003|2002|2001|2000|1999|1998|1997,
ab7230fe-55e1-404a-be32-55d8d5cee6f7,robert-lee-schooley,Robert Lee Schooley,Robert L. Schooley,schooley@illinois.edu,https://openalex.org/A5000831553,https://openalex.org/A5000831553,,92,STRONG,TRUE,2026|2025|2024|2023|2022|2021|2020|2019|2018|2017|2016|2015|2014|2013|2012|2011|2010|2007,
58737b5d-11ab-4bda-8e2b-a26ce0d6ae8f,robert-markley,Robert Markley,Robert P. Markley,rmarkley@illinois.edu,,https://openalex.org/A5044374597,,100,EXACT,TRUE,2023|2021|2019|2015|2014|2009|2006|2003,
717df93d-bb52-44ce-adc9-67ce1a3cac0e,robert-mckim,Robert McKim,Robert McKim,rmckim@illinois.edu,,https://openalex.org/A5001752255,,100,EXACT,TRUE,2025|2024|2023|2021|2019|2018|2017|2011|2010|2008|2007|2003|2001|1993|1991|1990|1989|1988|1985|1984,
508523db-8652-4c7c-aeee-3f2f8ea824fb,robert-michael-morrissey,Robert Michael Morrissey,Robert Michael Morrissey,rmorriss@illinois.edu,,https://openalex.org/A5021844378,,100,EXACT,TRUE,2025|2019|2016|2015|2013,
1823d091-09a1-46df-8661-6bf0a0b2e310,robert-trapp,Robert Trapp,Robert J. Trapp,jtrapp@illinois.edu,https://openalex.org/A5051586380,https://openalex.org/A5051586380,,100,EXACT,TRUE,2026|2025|2024|2023|2022|2021|2020|2019|2018|2017|2016|2015,
fb71bb9e-28c2-4892-b96e-e169ab56d222,robert-victor-knox,Robert Victor Knox,Robert Victor Knox,rknox@illinois.edu,https://openalex.org/A5065316965,https://openalex.org/A5065316965,,100,EXACT,TRUE,2026|2025|2024|2023|2022|2021|2020|2019|2018|2017|2016|2015|2014|2013|2012|2011|2010|2009|2008|2006|2005|2003|2002|2001|2000,
8e952264-5c42-4503-a56d-630c07e111db,robin-hillary-kravets,Robin Hillary Kravets,Robin Hillary Kravets,rhk@illinois.edu,,https://openalex.org/A5001539463,,100,EXACT,TRUE,2025|2024|2023|2022|2021|2019|2017|2016|2015|2014|2013|2012|2011|2010|2009|2008|2007|2006|2005|2004|2003|2002|2001|2000,
e0a0e938-ecf7-4b77-bc03-2c9a797eddfa,roderick-ian-mackie,Roderick Ian Mackie,Roderick Ian Mackie,r-mackie@illinois.edu,,https://openalex.org/A5068450512,,100,EXACT,TRUE,2026|2025|2024|2023|2022|2021|2020|2019|2018|2017|2016|2015|2014|2013|2012|2011|2010|2009|2008|2007|2006|2005|2004|2003|2002|2001|2000|1999|1998|1997|1996|1995|1994|1993|1992|1991|1990|1989|1981,
c071c482-a842-494a-9e55-0f3f116f56d5,rodney-l-burton,Rodney L Burton,Rodney Burton,rburton@illinois.edu,,https://openalex.org/A5078851682,,100,EXACT,TRUE,2025|2017|2016|2013|2012|2010|2009|2008|2007|2006|2005|2004|2003|2002|2001|2000|1999|1998|1997|1996|1995|1994|1993|1992|1991|1950,
8f731919-2654-490b-aa6c-e4d1e361e767,rodney-w-johnson,Rodney W Johnson,Rodney W. Johnson,rwjohn@illinois.edu,,https://openalex.org/A5038827888,,100,EXACT,TRUE,2026|2025|2024|2023|2022|2021|2020|2019|2018|2017|2016|2015|2014|2013|2012|2011|2010|2009|2008|2007|2006|2005|2004|2003|2002|2001|2000|1999|1998|1997|1996|1994|1993|1991,
8c9ee02a-d20c-4825-a524-5da4063331b2,rohit-bhargava,Rohit Bhargava,Rohit Bhargava,rxb@illinois.edu,https://openalex.org/A5023245938,https://openalex.org/A5023245938,,100,EXACT,TRUE,2026|2025|2024|2023|2022|2021|2020|2019|2018|2017|2016|2015|2014|2013|2012|2011|2010|2009|2008|2007|2006|2005|2001,
1d930bf9-a8ee-455f-9dad-ae48ce761932,roland-cusick,Roland Cusick,Roland D. Cusick,rcusick@illinois.edu,https://openalex.org/A5021965731,https://openalex.org/A5021965731,,100,EXACT,TRUE,2026|2025|2024|2023|2022|2021|2020|2019|2018|2017|2014,
6891ec9a-3d57-4857-b9b9-4a57e3dc9843,roman-makhnenko,Roman Makhnenko,Roman Y. Makhnenko,romanmax@illinois.edu,,https://openalex.org/A5016498108,,100,EXACT,TRUE,2026|2025|2024|2023|2022|2021|2020|2019|2018|2017|2016,
231da291-1203-4219-9a9a-535380961fbc,romana-angelika-nowak,Romana Angelika Nowak,Romana A. Nowak,ranowak@illinois.edu,https://openalex.org/A5052566829,https://openalex.org/A5052566829,,92,STRONG,TRUE,2026|2025|2024|2023|2022|2021|2020|2019|2018|2017|2016|2015|2013|2012|2011|2010|2009|2008|2007|2006|2004|2003|2001|1987|1986|1984|1983|1982|1981,
9793a09c-9afe-45d7-8d21-8e2439261ad2,romit-roy-choudhury,Romit Roy Choudhury,Romit Roy Choudhury,croy@illinois.edu,,https://openalex.org/A5111442177,,100,EXACT,TRUE,2026|2025|2024|2023|2021|2020|2019|2018|2017|2016|2015|2014|2006|2004|2003|2002,
b0d62d0a-14ce-40ea-8041-80f346e5edbd,rosa-maria-espinosa-marzal,Rosa Maria Espinosa Marzal,Rosa Maria Espinosa-Marzal,rosae@illinois.edu,,https://openalex.org/A5128635164,,100,EXACT,TRUE,2026,
47e058ee-462e-40a1-a999-282c8e6b0f52,rosana-gomez-cayapu,Rosana Gomez Cayapu,,rosanag2@illinois.edu,,,,,UNLINKED,,,NO_AUTHOR_LINK
0b47da19-402c-4f27-a601-4ee1e4a409a6,ross-maguire,Ross Maguire,Ross Maguire,rossrm@illinois.edu,https://openalex.org/A5070348925,https://openalex.org/A5070348925,,100,EXACT,TRUE,2026|2022,
67b34319-63e5-42aa-93f1-313b445e0d75,roy-dong,Roy Dong,Roy Dong,roydong@illinois.edu,,https://openalex.org/A5002477602,,100,EXACT,TRUE,2025|2024|2023|2022|2021|2020|2019|2018,
3f13148e-2cda-4356-8f77-77c5d32080ce,ruby-mendenhall,Ruby Mendenhall,Ruby Mendenhall,rubymen@illinois.edu,https://openalex.org/A5037421797,https://openalex.org/A5037421797,,100,EXACT,TRUE,2025|2024|2023|2022|2021|2020|2019|2018|2017|2016|2013|2012|2011|2010|2009|2008,
89d6f70b-91f0-4752-ab4e-d7950da55cfb,rui-loja-fernandes,Rui Loja Fernandes,Rui Loja Fernandes,ruiloja@illinois.edu,,https://openalex.org/A5101438698,,100,EXACT,TRUE,2024|2023|2021|2020|2019|2018|2017|2016|2015|2014|2013|2011,
e0461790-7b4e-40fe-b4ac-3dab0f3988a8,ruoqing-zhu,Ruoqing Zhu,Ruoqing Zhu,rqzhu@illinois.edu,https://openalex.org/A5076762447,https://openalex.org/A5076762447,,100,EXACT,TRUE,2026|2025|2024|2023|2022|2021|2020|2019|2018|2017|2016|2015,
5fd3682e-fdd1-4c15-bed3-81c3d0b21bb0,ruta-mehta,Ruta Mehta,Ruta Mehta,rutameht@illinois.edu,https://openalex.org/A5070267732,https://openalex.org/A5070267732,,100,EXACT,TRUE,2026|2025|2024|2023|2022|2021|2020|2019|2018|2017|2016|2015|2014,
dde35e0f-3d12-4744-9c83-37bd02b0e94f,rutilio-fratti,Rutilio Fratti,Rutilio A. Fratti,rfratti@illinois.edu,,https://openalex.org/A5084808631,,100,EXACT,TRUE,2026|2025|2024|2022|2021|2020|2019|2018|2017|2016|2014|2013|2012|2011|2010,
e75002e9-ce0a-493c-a7e4-6300a0ed6209,ryan-keith-shosted,Ryan Keith Shosted,Ryan K. Shosted,rshosted@illinois.edu,https://openalex.org/A5063503875,https://openalex.org/A5063503875,,92,STRONG,TRUE,2025|2023|2022|2021|2019|2018|2017|2016|2015|2014|2012|2011|2010|2008|2007,
321f5abb-8e5d-4955-b7e6-7faeae3c897f,ryan-n-dilger,Ryan N Dilger,Ryan N. Dilger,rdilger2@illinois.edu,https://openalex.org/A5025314913,https://openalex.org/A5025314913,,100,EXACT,TRUE,2026|2025|2024|2023|2022|2021|2020|2019|2018|2017|2016|2015|2014|2013|2012|2011|2010|2009|2008|2007|2006,
78f6e4e5-07be-45d0-a5db-5bd432453875,ryan-sriver,Ryan Sriver,Ryan L. Sriver,rsriver@illinois.edu,,https://openalex.org/A5080399449,,100,EXACT,TRUE,2026|2025|2024|2023|2022|2021|2020|2019|2018|2017|2016|2015|2014|2013|2012,
872968c8-72af-4859-9c10-9fb010b84132,s-lance-cooper,S Lance Cooper,S. L. Cooper,slcooper@illinois.edu,,https://openalex.org/A5013454096,,100,EXACT,TRUE,2024|2023|2020|2019|2018|2017|2016|2015|2014|2013|2012|2011|2010|2008|2006|2005|2004|2003|2002|2001|2000|1999|1998|1997|1996|1995|1994|1993|1992|1991|1989|1988|1987|1986|1985,
fd7390b5-a040-4e36-8ea1-808171d1da82,sameh-h-tawfick,Sameh H Tawfick,Sameh Tawfick,tawfick@illinois.edu,https://openalex.org/A5036247243,https://openalex.org/A5036247243,,100,EXACT,TRUE,2026|2025|2024|2023|2022|2021|2020|2019|2018|2017|2016|2015|2014|2011|2010,
683b0d13-79be-47d4-967d-efea7bd399d8,samy-meroueh,Samy Meroueh,Samy O. Meroueh,smeroueh@illinois.edu,,https://openalex.org/A5055133888,,100,EXACT,TRUE,2026|2025,
7d27148e-8169-4749-8692-db90867f5ae7,sanda-monica-dolcos,Sanda Monica Dolcos,Sanda M. Dolcos,sdolcos@illinois.edu,,https://openalex.org/A5014191066,,92,STRONG,TRUE,2026|2025|2024|2023|2022|2021|2020|2019|2018|2017|2014|2013|2012|2011|2010,
32150a43-d34e-4e33-8cb3-b45bb1f1f815,sandra-luisa-rodriguez-zas,Sandra Luisa Rodriguez Zas,Sandra L. Rodriguez‐Zas,rodrgzzs@illinois.edu,https://openalex.org/A5058590776,https://openalex.org/A5058590776,,96,STRONG,TRUE,2026|2025|2024|2023|2022|2021|2020|2019|2018|2017|2016|2015|2014|2013|2012|2011|2010|2009|2008|2007|2006|2005|2004|2003|2002|2001|2000,
6bbd5de4-ee56-4148-bf11-e3fbd9285775,sandraluz-lara-cinisomo,Sandraluz Lara-Cinisomo,Sandraluz Lara-Cinisomo,laracini@illinois.edu,,https://openalex.org/A5070149539,,100,EXACT,TRUE,2026|2025|2024|2023|2022|2021|2020|2019|2018|2017|2016|2015,
9d2256c9-1d3a-4471-aac3-29aa31068e6e,sanjay-patel,Sanjay Patel,Sanjay Patel,sjp@illinois.edu,,https://openalex.org/A5140438372,,100,EXACT,FALSE,,NO_UIUC_AFFILIATION
8b2dab17-58de-4320-a9d0-3648ee819723,sanjiv-sinha,Sanjiv Sinha,Sanjiv K. Sinha,sanjiv@illinois.edu,https://openalex.org/A5079804214,https://openalex.org/A5079804214,,100,EXACT,TRUE,2026|2025|2024|2023|2022|2021|2020|2019|2018|2017|2016|2015|2014|2013|2012|2011|2010|2009|1985|1984,
16b2a6a3-3fd2-4506-8116-c76fd056e916,sariel-har-peled,Sariel Har-Peled,Sariel Har-Peled,sariel@illinois.edu,https://openalex.org/A5040577923,https://openalex.org/A5040577923,,100,EXACT,TRUE,2026|2025|2024|2023|2022|2021|2020|2019|2018|2017|2016|2015|2014|2013|2012|2011|2010|2009|2008|2007|2006|2005|2004|2003|2002|2001|2000,
54910b65-afc7-4ff5-9279-cbb26b25bd23,sarita-v-adve,Sarita V Adve,Sarita V. Adve,sadve@illinois.edu,,https://openalex.org/A5086111967,,100,EXACT,TRUE,2026|2025|2024|2023|2022|2021|2020|2019|2018|2017|2016|2015|2014|2013|2012|2011|2010|2009|2008|2007|2006|2005|2004|2003|2002|2001|2000,
752a963c-2676-4afb-970a-425a20af16d2,sasa-misailovic,Sasa Misailovic,Saša Misailovíc,misailo@illinois.edu,,https://openalex.org/A5057462458,,100,EXACT,TRUE,2026|2025|2024|2023|2022|2021|2020|2019|2018|2017|2016,
b3d35c0f-2fb2-459f-b876-a2059e20dd18,sascha-hilgenfeldt,Sascha Hilgenfeldt,Sascha Hilgenfeldt,sascha@illinois.edu,,https://openalex.org/A5063150216,,100,EXACT,TRUE,2026|2025|2024|2023|2022|2021|2020|2019|2018|2017|2016|2015|2014|2013|2012|2011|2010,
faedcc89-7b75-45cf-b2d8-f8ff757ddc7c,satish-k-nair,Satish K Nair,Satish K. Nair,snair@illinois.edu,,https://openalex.org/A5067016723,,100,EXACT,TRUE,2026|2025|2024|2023|2022|2021|2020|2019|2018|2017|2016|2015|2014|2013|2012|2011|2010|2009|2008|2007|2006|2005|2004,
0a952895-bbec-41a8-8474-0bb9218a5c24,saugata-ghose,Saugata Ghose,Saugata Ghose,ghose@illinois.edu,https://openalex.org/A5036666743,https://openalex.org/A5036666743,,100,EXACT,TRUE,2026|2025|2024|2023|2022|2021|2020,
4dd1d56e-77d7-44b0-b650-7ea83d6e975b,sayan-mitra,Sayan Mitra,Sayan Mitra,mitras@illinois.edu,https://openalex.org/A5085795401,https://openalex.org/A5085795401,,100,EXACT,TRUE,2025|2024|2023|2022|2021|2020|2019|2018|2017|2016|2015|2014|2013|2012|2011|2010|2009|2008,
b20e3e64-4d4f-4f38-95d6-483683c818df,sayeepriyadarshini-anakk,Sayeepriyadarshini Anakk,Sayeepriyadarshini Anakk,anakk@illinois.edu,,https://openalex.org/A5060958733,,100,EXACT,TRUE,2026|2025|2024|2023|2022|2021|2020|2019|2018|2017|2016|2015|2013,
e77bd092-fbd3-4812-9257-bf90ae164eec,scott-althaus,Scott Althaus,Scott L. Althaus,salthaus@illinois.edu,,https://openalex.org/A5052391202,,100,EXACT,TRUE,2026|2024|2023|2022|2021|2020|2019|2018|2015|2014|2011|2010|2009|2008|2006|2005|2004|2003|2002|2000|1999|1998|1997|1996,
a5fa6f47-7501-4cca-99c0-663ad9a5a607,scott-e-denmark,Scott E Denmark,Scott E. Denmark,sdenmark@illinois.edu,,https://openalex.org/A5060673018,,100,EXACT,TRUE,2026|2025|2024|2023|2022|2021|2020|2019|2018|2017|2016|2015|2014|2013|2012|2011|2010|2009|2008|2007|2006|2005|2004|2003|2002|2001|2000|1999|1998|1997|1996|1995|1994|1993|1992|1991|1990|1989|1988|1987|1986|1984|1983,
07149b4b-2c0c-4b2f-a356-8506f3de009a,scott-k-silverman,Scott K Silverman,Scott K. Silverman,sks@illinois.edu,https://openalex.org/A5088687447,https://openalex.org/A5088687447,,100,EXACT,TRUE,2024|2023|2022|2021|2020|2019|2018|2017|2016|2015|2014|2013|2012|2011|2010|2009|2008|2007|2006|2005|2004|2003|2002|2001,
6e057aa9-c2b6-40ed-a194-11482a65a3b6,scott-michael-olson,Scott Michael Olson,Scott M. Olson,olsons@illinois.edu,https://openalex.org/A5058957430,https://openalex.org/A5058957430,,92,STRONG,TRUE,2026|2025|2024|2023|2022|2021|2020|2019|2018|2017|2016|2015|2014|2013|2012|2011|2010|2009|2008|2007|2006|2005|2004|2000|1998|1995,
851f91bc-0d62-468f-99ea-6be350519eaa,sean-p-mullen,Sean P Mullen,Sean P. Mullen,spmullen@illinois.edu,,https://openalex.org/A5138097606,,100,EXACT,TRUE,2026,
ae97700e-cc89-48e2-8bad-6914acc47add,seid-koric,Seid Koric,Seid Korić,koric@illinois.edu,,https://openalex.org/A5032466147,,100,EXACT,TRUE,2026|2025|2024|2023|2022|2021|2020|2019|2018|2017|2016|2015|2014|2013|2012|2010|2009|2008|2007|2006,
0e24d716-1128-44b4-86b1-a3d1f5d57897,sela-sar,Sela Sar,Sela Sar,selasar@illinois.edu,https://openalex.org/A5020245076,https://openalex.org/A5020245076,,100,EXACT,TRUE,2024|2023|2022|2021|2020|2019|2018|2017|2016|2015|2014|2013,
fa0b5b71-e665-472b-ad17-2db52b9e91d7,sepideh-sadaghiani,Sepideh Sadaghiani,Sepideh Sadaghiani,sepideh@illinois.edu,,https://openalex.org/A5044039270,,100,EXACT,TRUE,2026|2025|2024|2023|2022|2021|2020|2019|2018|2017|2016,
d307fa02-e794-445e-bc85-f721aa7bdd87,sergei-dikanov,Sergei Dikanov,Sergei A. Dikanov,dikanov@illinois.edu,,https://openalex.org/A5048778417,,100,EXACT,TRUE,2026|2024|2023|2022|2021|2020|2019|2018|2017|2016|2015|2014|2013|2012|2011|2010|2009|2008|2007|2006|2005|2004|2003|2002|2001|2000|1999,
f84a51eb-fcc8-4b88-b10d-f544314b5ec1,sergei-v-ivanov,Sergei V Ivanov,S. V. Ivanov,ivanov@illinois.edu,,https://openalex.org/A5107277197,,100,EXACT,TRUE,2003,
09d2ac24-e3bf-4baf-a169-0eac1fccf81b,seyed-rasoul-etesami,Seyed Rasoul Etesami,S. Rasoul Etesami,etesami1@illinois.edu,https://openalex.org/A5075507961,https://openalex.org/A5075507961,,100,EXACT,TRUE,2025|2024|2023|2022|2021|2020|2019|2018|2017|2016|2015|2014|2013,
cbe707f6-dd11-4b87-b15f-7340124fb50c,shaowen-wang,Shaowen Wang,Shaowen Wang,shaowen@illinois.edu,https://openalex.org/A5026042163,https://openalex.org/A5026042163,,100,EXACT,TRUE,2026|2025|2024|2023|2022|2021|2020|2019|2018|2017|2016|2015|2014|2013|2012|2011|2010|2009|2008|2007,
f0253af7-e2ff-44d6-ac32-c7d065b09aff,sharon-m-donovan,Sharon M Donovan,,sdonovan@illinois.edu,https://openalex.org/A5049145231,https://openalex.org/A5141071720,,,UNLINKED,,,OPENALEX_RECORD_NOT_FOUND
b69b7c84-4ce3-45a1-862c-4dba38413271,sharon-m-nickols,Sharon M Nickols,Sharon M. Nickols‐Richardson,nickrich@illinois.edu,https://openalex.org/A5001585537,https://openalex.org/A5001585537,,92,STRONG,TRUE,2023|2021|2020|2019|2018|2017|2016|2015|2014,
9dca7c23-27f0-4cae-a3b8-f9c34d3f1997,sharon-shavitt,Sharon Shavitt,Sharon Shavitt,shavitt@illinois.edu,,https://openalex.org/A5030738654,,100,EXACT,TRUE,2026|2023|2021|2020|2019|2018|2017|2016|2015|2014|2011|2010|2009|2007|2006|2005|2004|2002|2001|2000|1999|1996|1994|1992|1991|1990|1989,
34fd7dab-5dea-405d-9ba3-9d85b552ba05,sheldon-howard-jacobson,Sheldon Howard Jacobson,Sheldon H. Jacobson,shj@illinois.edu,https://openalex.org/A5018895822,https://openalex.org/A5018895822,,100,EXACT,TRUE,2026|2025|2024|2023|2022|2021|2020|2019|2018|2017|2016|2015|2014|2013|2012|2011|2010|2009|2008|2007|2006|2005|2004|2003|2002|2001|2000|1999,
193a0379-acc3-4130-960e-87c3fc7bf28e,sheldon-katz,Sheldon Katz,Sheldon Katz,katzs@illinois.edu,https://openalex.org/A5079728012,https://openalex.org/A5079728012,,100,EXACT,TRUE,2026|2025|2024|2022|2021|2020|2019|2018|2017|2016|2015|2014|2013|2012|2011|2007|2006|2004|2003|2002|2001,
7d9ba60e-8e3f-4955-9281-174f2dc0ffff,shelly-j-schmidt,Shelly J Schmidt,Shelly J. Schmidt,sjs@illinois.edu,,https://openalex.org/A5061892465,,100,EXACT,TRUE,2025|2024|2023|2022|2021|2020|2019|2018|2017|2016|2015|2014|2013|2012|2011|2010|2009|2008|2007|2006|2005|2004|2003|2002|2001|2000|1999|1998|1997|1996|1995|1994|1993|1992|1991|1990,
6e71f558-eb94-402c-875c-ed30359bac24,shelly-zhang,Shelly Zhang,Shelly Zhang,zhangxs@illinois.edu,https://openalex.org/A5091580416,https://openalex.org/A5091580416,,100,EXACT,FALSE,,NO_UIUC_AFFILIATION
e09733d4-87c5-453a-8777-802aa709df35,shenlong-wang,Shenlong Wang,Shenlong Wang,shenlong@illinois.edu,https://openalex.org/A5102848956,https://openalex.org/A5102848956,,100,EXACT,TRUE,2026|2025|2024|2023|2022|2021,
6eca50cc-1ecd-4a83-8c71-fc2d9193f313,shiv-kapoor,Shiv Kapoor,Shiv Gopal Kapoor,sgkapoor@illinois.edu,,https://openalex.org/A5035488719,,100,EXACT,TRUE,2026|2025|2024|2023|2022|2021|2020|2019|2018|2017|2016|2015|2014|2013|2012|2011|2010|2009|2008|2007|2006|2005|2004|2003|2002|2001|2000|1999|1998|1997|1996|1995|1994|1993|1992|1991|1990|1989|1988|1987|1986|1985|1984|1981|1979|1978,
7ee9d11a-be52-4173-899f-e9622b3a0348,siegfried-eggl,Siegfried Eggl,Siegfried Eggl,eggl@illinois.edu,,https://openalex.org/A5012635099,,100,EXACT,TRUE,2026|2025|2024|2023|2022|2020,
3565a574-621d-47b7-885f-d797704eec7b,sihai-dave-zhao,Sihai Dave Zhao,Sihai Dave Zhao,sdzhao@illinois.edu,https://openalex.org/A5071172253,https://openalex.org/A5071172253,,100,EXACT,TRUE,2026|2025|2024|2023|2022|2021|2020|2019|2018|2017|2016|2015|2014,
6e192cdc-0109-4e3d-ad58-f0a6b577f45e,silvina-andrea-montrul,Silvina Andrea Montrul,Silvina Montrul,montrul@illinois.edu,,https://openalex.org/A5024959395,,100,EXACT,TRUE,2026|2025|2024|2023|2022|2021|2020|2019|2018|2017|2016|2015|2014|2013|2012|2011|2010|2009|2008|2007|2006|2005|2004|2003|2002|2001|2000,
be8196c5-9a55-4cba-8a1a-250d8d25e0f9,simon-rogers,Simon Rogers,Simon A. Rogers,sarogers@illinois.edu,https://openalex.org/A5007702411,https://openalex.org/A5007702411,,100,EXACT,TRUE,2026|2025|2024|2023|2022|2021|2020|2019|2018|2017|2016,
d31d110c-beb3-43e6-8055-00958362c313,simona-lleras-buetti,Simona Lleras Buetti,Simona Buetti,buetti@illinois.edu,https://openalex.org/A5080132351,https://openalex.org/A5080132351,,88,STRONG,TRUE,2026|2025|2024|2023|2022|2021|2020|2019|2018|2017|2016|2015|2014|2013|2012,
196cc53d-74a9-4621-bddb-17ba73c7c763,smitha-vishveshwara,Smitha Vishveshwara,Smitha Vishveshwara,smivish@illinois.edu,https://openalex.org/A5046369228,https://openalex.org/A5046369228,,100,EXACT,TRUE,2026|2025|2024|2023|2022|2021|2020|2019|2018|2017|2016|2015|2014|2013|2012|2011|2010|2009|2008|2007|2006|2005|2004|2003,
56df8ab9-f452-4be2-b22a-5945d22ff5da,so-hirata,So Hirata,So Hirata,sohirata@illinois.edu,https://openalex.org/A5041373282,https://openalex.org/A5041373282,,100,EXACT,TRUE,2026|2025|2024|2023|2022|2021|2020|2019|2018|2017|2016|2015|2014|2013|2012|2011,
0b01c0c2-b162-476f-9098-6c9dd9b912fc,sonali-shah,Sonali Shah,Sonali Shah,sonali@illinois.edu,https://openalex.org/A5101909348,https://openalex.org/A5101909348,,100,EXACT,TRUE,2024|2023|2022|2021|2020|2019|2018|2017|2014|2012|2009|2007|2006|2005,
247c1f03-d801-4869-be68-6ee2c1b80717,songbin-gong,Songbin Gong,Songbin Gong,songbin@illinois.edu,https://openalex.org/A5016497308,https://openalex.org/A5016497308,,100,EXACT,TRUE,2025|2024|2023|2022|2021|2020|2019|2018|2017|2016|2015|2014,
706ee227-f65a-483a-a62b-aef37b5b6c52,sonia-lasher-trapp,Sonia Lasher-Trapp,Sonia Lasher‐Trapp,slasher@illinois.edu,https://openalex.org/A5003612099,https://openalex.org/A5003612099,,100,EXACT,TRUE,2025|2024|2023|2022|2021|2020|2019|2018|2016|2015|2014,
0573c83f-3abe-4eb7-9213-0a506c55ba4d,srinivasa-m-salapaka,Srinivasa M Salapaka,Srinivasa M. Salapaka,salapaka@illinois.edu,https://openalex.org/A5051680600,https://openalex.org/A5051680600,,100,EXACT,TRUE,2026|2025|2024|2023|2022|2021|2020|2019|2018|2017|2016|2015|2014|2013|2012|2011|2010|2009|2008|2007|2006|2005,
b1114a37-3979-4926-bee8-5d449d832fc4,stanislav-rubakhin,Stanislav Rubakhin,Stanislav S. Rubakhin,roubakhi@illinois.edu,,https://openalex.org/A5020098405,,100,EXACT,TRUE,2026|2025|2024|2023|2022|2021|2020|2019|2018|2017|2016|2015|2014|2013|2012|2011|2010|2009|2008|2007|2006|2005|2004|2003|2002|2001|2000|1999,
001f64ad-c050-4d48-b9c9-b34f76fab7c7,stanley-h-ambrose,Stanley H Ambrose,Stanley H. Ambrose,ambrose@illinois.edu,https://openalex.org/A5062370560,https://openalex.org/A5062370560,,100,EXACT,TRUE,2026|2025|2024|2023|2022|2021|2020|2019|2018|2016|2015|2014|2012|2010|2009|2008|2007|2006|2005|2004|2003|2002|2001|1999|1998|1997|1993|1992|1991|1990|1989|1987|1986,
99574ba2-d682-4bc0-b639-1fc9bd3aca4c,stephan-link,Stephan Link,Stephan Link,slink@illinois.edu,,https://openalex.org/A5024800825,,100,EXACT,TRUE,2026|2025|2024,
06837f68-3ca1-410b-b4f8-fa2cf5857e7a,stephanie-craft,Stephanie Craft,Stephanie Craft,scraft@illinois.edu,https://openalex.org/A5010442264,https://openalex.org/A5010442264,,100,EXACT,TRUE,2024|2023|2022|2021|2020|2019|2018|2017|2016|2015,
957ce1d3-2fbb-44e7-ab0c-ab54cc40d10d,stephen-allen-boppart,Stephen Allen Boppart,Stephen A. Boppart,boppart@illinois.edu,https://openalex.org/A5058617463,https://openalex.org/A5058617463,,92,STRONG,TRUE,2026|2025|2024|2023|2022|2021|2020|2019|2018|2017|2016|2015|2014|2013|2012|2011|2010|2009|2008|2007|2006|2005|2004|2003|2002|1992,
6020b544-835e-4f8e-acea-eb6124baa247,stephen-g-sligar,Stephen G Sligar,Stephen G. Sligar,s-sligar@illinois.edu,https://openalex.org/A5081446055,https://openalex.org/A5081446055,,100,EXACT,TRUE,2026|2025|2024|2023|2022|2021|2020|2019|2018|2017|2016|2015|2014|2013|2012|2011|2010|2009|2008|2007|2006|2005|2004|2003|2002|2001|2000|1999|1998|1997|1996|1995|1994|1993|1992|1991|1990|1989|1988|1987|1986|1985|1984|1983|1979|1977|1976|1975|1974,
66198678-3dcd-43a3-a576-0758117bb74b,stephen-lawrence-parente,Stephen Lawrence Parente,Stephen L. Parente,parente@illinois.edu,,https://openalex.org/A5075403327,,92,STRONG,TRUE,2025|2022|2021|2019|2018|2017|2013|2012|2010|2009|2008|2007|2006|2005|2004|2002|2001|2000|1999|1997,
7b69bf3e-2eda-445b-bb52-7767710ac5b6,stephen-nesbitt,Stephen Nesbitt,Stephen William Nesbitt,snesbitt@illinois.edu,https://openalex.org/A5060017787,https://openalex.org/A5060017787,,100,EXACT,TRUE,2026|2025|2024|2023|2022|2021|2020|2019|2018|2017|2016|2015|2014|2013|2012|2011|2010|2009|2008|2007,
e37a0d21-ec08-4013-8c26-de7e30671712,stephen-patrick-moose,Stephen Patrick Moose,Stephen Patrick Moose,smoose@illinois.edu,,https://openalex.org/A5074096318,,100,EXACT,TRUE,2026|2025|2024|2023|2022|2021|2020|2019|2018|2017|2016|2015|2014|2013|2012|2011|2010|2009|2008|2007|2006|2005|2004|2003|2002,
a0d0cb37-68f2-4e66-a2a5-2eb34ef81355,stephen-r-downie,Stephen R Downie,Stephen R. Downie,sdownie@illinois.edu,,https://openalex.org/A5046078611,,100,EXACT,TRUE,2025|2024|2023|2022|2021|2020|2019|2018|2017|2016|2015|2014|2013|2012|2011|2010|2009|2008|2007|2006|2005|2004|2001|2000|1999|1998|1997|1996,
a895c3e1-5f0d-4391-9477-525af5784d1d,steve-granick,Steve Granick,Steve Granick,sgranick@illinois.edu,,https://openalex.org/A5013223554,,100,EXACT,TRUE,2016|2015|2014|2013|2012|2011|2010|2009|2008|2007|2006|2005|2004|2003|2002|2001|2000|1999|1998|1997|1996|1995|1994|1993|1992|1991|1990|1989|1988,
1a29a8a4-8d76-4e03-9ac5-0a96b41bc99c,steve-long,Steve Long,Stephen P. Long,slong@illinois.edu,https://openalex.org/A5074295593,https://openalex.org/A5074295593,,100,EXACT,TRUE,2026|2025|2024|2023|2022|2021|2020|2019|2018|2017|2016|2015|2014|2013|2012|2011|2010|2009|2008|2007|2006|2005|2004|2003|2002|2001|2000|1999,
30adb2df-e82b-4421-b3a5-f9bca17ad7de,steve-maren,Steve Maren,Steve Maren,smaren@illinois.edu,https://openalex.org/A5134614862,https://openalex.org/A5134614862,,100,EXACT,FALSE,,NO_UIUC_AFFILIATION
80869b78-474b-48f2-971d-604661cb09b3,steve-petruzzello,Steve Petruzzello,Steven J. Petruzzello,petruzze@illinois.edu,,https://openalex.org/A5084000577,,88,STRONG,TRUE,2026|2025|2024|2023|2022|2021|2020|2019|2018|2017|2016|2015|2014|2013|2012|2011|2010|2009|2008|2007|2006|2005|2004|2003|2002|2001|2000|1999|1998|1997|1996|1995|1994|1993|1992|1991,
f7bf4551-c6ba-40f3-a019-88866e572a6a,steven-andrew-culpepper,Steven Andrew Culpepper,Steven Andrew Culpepper,sculpepp@illinois.edu,,https://openalex.org/A5052268272,,100,EXACT,TRUE,2026|2025|2024|2023|2022|2021|2020|2019|2018|2017|2016|2015|2014|2013|2012,
0f405661-be9a-440e-a551-de3b129d8165,steven-james-burgess,Steven James Burgess,Steven Burgess,sjb287@illinois.edu,https://openalex.org/A5029430110,https://openalex.org/A5029430110,,98,EXACT,TRUE,2026|2025|2024|2023|2022|2021|2020|2019|2018,
8859d078-d8d4-44b5-bb6c-8a3bf7c7550c,steven-m-lavalle,Steven M Lavalle,Steven M. LaValle,lavalle@illinois.edu,,https://openalex.org/A5065104734,,100,EXACT,TRUE,2023|2021|2020|2019|2018|2017|2016|2014|2013|2012|2011|2010|2009|2008|2007|2006|2005|2004|2003|2002|2001|1996|1995|1993|1991,
1f10700b-41f1-4b95-8381-43a01c89bdcf,steven-robert-blanke,Steven Robert Blanke,Steven R. Blanke,sblanke@illinois.edu,https://openalex.org/A5030797083,https://openalex.org/A5030797083,,100,EXACT,TRUE,2025|2024|2023|2021|2020|2018|2017|2016|2015|2014|2013|2012|2011|2010|2009|2008|2007|2006|2005|2004|1996|1989|1988,
e44eb953-f004-4a52-9641-65a21976d1f9,steven-sam-lumetta,Steven Sam Lumetta,Steven S. Lumetta,lumetta@illinois.edu,,https://openalex.org/A5108619331,,98,EXACT,TRUE,2024|2023|2021|2020|2018|2017|2016|2015|2012|2011|2010|2009|2008|2007|2006|2005|2003|2002|2001,
b08f7807-ffc1-4cf8-ae5c-7f942c44f9da,stuart-louis-shapiro,Stuart Louis Shapiro,Stuart L. Shapiro,slshapir@illinois.edu,https://openalex.org/A5034590981,https://openalex.org/A5034590981,,92,STRONG,TRUE,2026|2025|2024|2023|2022|2021|2020|2019|2018|2017|2016|2015|2014|2013|2012|2011|2010|2009|2008|2007|2006|2005|2004|2003|2002|2001|2000|1999|1998|1997|1996,
985489ec-d35c-4783-90db-cb2fad5e1eda,subhonmesh-bose,Subhonmesh Bose,Subhonmesh Bose,boses@illinois.edu,,https://openalex.org/A5034661090,,100,EXACT,TRUE,2026|2025|2024|2023|2022|2021|2020|2019|2018|2017|2016,
64a9f7c4-be35-4d38-a052-321fe31d984c,sundiata-cha-jua,Sundiata Cha-Jua,Sundiata Keita Cha–Jua,schajua@illinois.edu,,https://openalex.org/A5046599541,,100,EXACT,TRUE,2025|2024|2023|2021|2014|2010|2009|2007|2003|2002,
3c6fe13b-abf9-46b5-bf6b-b016da1d8688,supriya-prasanth,Supriya Prasanth,Supriya G. Prasanth,supriyap@illinois.edu,https://openalex.org/A5090810201,https://openalex.org/A5090810201,,100,EXACT,TRUE,2026|2024|2023|2022|2021|2020|2019|2018|2017|2016|2015|2014|2013|2012|2011|2010,
6a7414f3-05cc-4adc-82f3-9e6f330c489c,surangi-w-punyasena,Surangi W Punyasena,Surangi W. Punyasena,spunya1@illinois.edu,,https://openalex.org/A5033161050,,100,EXACT,TRUE,2026|2025|2024|2023|2022|2021|2020|2018|2017|2016|2015|2014|2013|2012|2011,
5c179419-d625-4f18-90a6-366fd6a2bfc7,surya-pratap-vanka,Surya Pratap Vanka,Surya Pratap Vanka,spvanka@illinois.edu,,https://openalex.org/A5002222654,,100,EXACT,TRUE,2026|2025|2024|2023|2022|2021|2020|2019|2018|2017|2016|2015|2014|2013|2012|2011|2010|2009|2008|2007|2006|2005|2004|2003|2002|2001|2000|1999|1998|1997|1996|1995|1994|1993|1992|1991|1985,
5e23527b-48ae-4191-aeb1-6a3ac304d81f,susan-a-martinis,Susan A Martinis,,martinis@illinois.edu,https://openalex.org/A5047422822,https://openalex.org/A5141055051,,,UNLINKED,,,OPENALEX_RECORD_NOT_FOUND
7224274e-7f1c-4336-a612-c8c2b74d7e3c,susan-l-schantz,Susan L Schantz,Susan L. Schantz,schantz@illinois.edu,https://openalex.org/A5111835054,https://openalex.org/A5111835054,,100,EXACT,TRUE,2026|2025|2024|2023|2022|2021|2020|2019|2018|2017|2016|2015|2014|2013|2012|2011|2010|2009|2008|2007|2006|2005|2004|2003|2001|2000|1999|1998|1997|1996|1995|1994|1993|1992|1991,
6e639a94-024a-4f03-85e5-c84d2dc326c6,svetlana-lazebnik,Svetlana Lazebnik,Svetlana Lazebnik,slazebni@illinois.edu,,https://openalex.org/A5005340983,,100,EXACT,TRUE,2025|2024|2021|2020|2019|2018|2017|2016|2015|2014|2013|2012|2007|2006|2005|2004|2003|2002,
793392cd-6366-44fa-9769-7e0a1a98aec7,taher-abu-saif,Taher Abu Saif,M. Taher A. Saif,saif@illinois.edu,https://openalex.org/A5075456391,https://openalex.org/A5075456391,,92,STRONG,TRUE,2026|2025|2024|2023|2022|2021|2020|2019|2018|2017|2016|2015|2014|2013|2012|2011|2010|2009|2008|2007|2006|2005|2004|2003|2002|2001|2000|1999|1998,
ce6a83b5-215f-4feb-b742-7297ad3f887f,tamara-l-fuller,Tamara L Fuller,Tamara L. Fuller,t-fuller@illinois.edu,https://openalex.org/A5048609766,https://openalex.org/A5048609766,,100,EXACT,TRUE,2025|2024|2022|2020|2019|2018|2017|2015|2014|2013|2012|2009|2005|2003|2001|1995,
1c5416ad-c8c2-4a96-8eee-9412998baf36,tamer-basar,Tamer Basar,Tamer Başar,basar1@illinois.edu,https://openalex.org/A5019604570,https://openalex.org/A5019604570,,100,EXACT,TRUE,2026|2025|2024|2023|2022|2021|2020|2019|2018|2017|2016|2015|2014|2013|2012|2011|2010|2009|2008|2007|2006|2005|2004|2003|2002|2001|2000|1999|1998|1997|1996|1995|1994|1993|1992|1991|1990|1989|1988|1987|1986|1985|1984|1983|1982|1981,
7208148d-779d-4321-a5fb-0e9065a9735d,tandy-warnow,Tandy Warnow,Tandy J. Warnow,warnow@illinois.edu,https://openalex.org/A5032411541,https://openalex.org/A5032411541,,100,EXACT,TRUE,2026|2025|2024|2023|2022|2021|2020|2019|2018|2017|2016|2015|2014,
069d0e13-90c5-42ca-b61d-028ed2601f36,tania-ionin,Tania Ionin,Tania Ionin,tionin@illinois.edu,https://openalex.org/A5061561391,https://openalex.org/A5061561391,,100,EXACT,TRUE,2026|2025|2024|2023|2022|2021|2020|2019|2018|2017|2013|2012|2011|2010|2009|2008|2007,
4ad7ed5a-7517-4da9-842b-efec284a0356,tarek-abdelzaher,Tarek Abdelzaher,Tarek Abdelzaher,zaher@illinois.edu,https://openalex.org/A5087114395,https://openalex.org/A5087114395,,100,EXACT,TRUE,2026|2025|2024|2023|2022|2021|2020|2019|2018|2017|2016|2015|2014|2013|2012|2011|2010|2009|2008|2007|2006|2005,
befc9500-a796-40f3-bb7b-7707e7c24d4f,taylor-l-hughes,Taylor L Hughes,Taylor L. Hughes,hughest@illinois.edu,https://openalex.org/A5046529785,https://openalex.org/A5046529785,,100,EXACT,TRUE,2026|2025|2024|2023|2022|2021|2020|2019|2018|2017|2016|2015|2014|2013|2012|2011|2010|2009,
40094bb8-caaf-48a4-bbfb-1e0c7fc850f2,telemachos-mouschovias,Telemachos Mouschovias,Telemachos Ch. Mouschovias,tchm@illinois.edu,https://openalex.org/A5036768797,https://openalex.org/A5036768797,,100,EXACT,TRUE,2025|2015|2011|2010|2009|2008|2007|2005|2004|2001|1999|1998|1997|1996|1991|1990|1987|1984|1983|1982|1981|1980,
5497d5a7-dd86-41c2-8bff-64a5812e6df9,teresa-cardador,Teresa Cardador,Teresa Cardador,cardador@illinois.edu,,https://openalex.org/A5067822496,,100,EXACT,TRUE,2024|2023|2022|2021|2020|2016|2014|2013|2012,
1744de2c-1aae-411b-b631-768c07c493fb,terry-weech,Terry Weech,Terry L. Weech,weech@illinois.edu,https://openalex.org/A5024900380,https://openalex.org/A5024900380,,100,EXACT,TRUE,2019|2014|2008|2007|2005|2002|1997|1995|1994|1993|1991|1990|1988|1986|1984|1983|1981|1980,
bd8f00f5-c40e-41e0-bffa-bdbbfc768653,thanh-huong-nguyen,Thanh Huong Nguyen,Thanh H. Nguyen,thn@illinois.edu,,https://openalex.org/A5100711669,,100,EXACT,TRUE,2026|2025|2024|2023|2022|2021|2020|2019|2018|2017|2016|2015|2014|2013|2012|2011|2010|2009|2008|2007|2006,
007af120-6337-40a8-a0f5-7c40e0ad0b53,theresa-ann-saxton-fox,Theresa Ann Saxton-Fox,Theresa Saxton-Fox,tsaxtonf@illinois.edu,https://openalex.org/A5060116296,https://openalex.org/A5060116296,,92,STRONG,TRUE,2026|2025|2024|2023|2022|2021|2020|2019|2017,
8624dccb-70d5-476e-8883-552bc203613e,thomas-faulkner,Thomas Faulkner,Thomas R. Faulkner,tomf@illinois.edu,https://openalex.org/A5109902567,https://openalex.org/A5109902567,,100,EXACT,TRUE,2025|2024|2023|2022|2021|2020|2019|2017|2015,
fc92e1dd-91af-41fd-b0c7-27f37711cbdc,thomas-j-anastasio,Thomas J Anastasio,Thomas J. Anastasio,tja@illinois.edu,,https://openalex.org/A5082504203,,100,EXACT,TRUE,2022|2021|2020|2019|2018|2017|2016|2015|2014|2013|2011|2010|2009|2008|2007|2006|2005|2004|2003|2002|2001|2000|1999|1998|1997|1996|1995|1994|1993|1992|1991,
13be8b71-b54a-4b09-9d8d-dcd03534b608,thomas-j-rudolph,Thomas J Rudolph,Thomas J Rudolph,rudolph@illinois.edu,https://openalex.org/A5001299410,https://openalex.org/A5001299410,,100,EXACT,TRUE,2025|2020|2019|2018|2017|2016|2015|2014|2011|2010|2009|2008|2007|2006|2005|2004|2003|2002,
4a076bb7-6b34-4a19-99e1-c79ef186e035,thomas-martin-johnson,Thomas Martin Johnson,Thomas M. Johnson,tmjohnsn@illinois.edu,https://openalex.org/A5102714637,https://openalex.org/A5102714637,,100,EXACT,TRUE,2024|2023|2022|2021|2020|2019|2018|2016|2015|2014|2013|2012|2011|2010|2009|2008|2007|2006|2004|2003|2002|2001|2000|1999,
4aef142d-dbf9-462b-a35f-2706488acb4e,thomas-richard-kwapil,Thomas Richard Kwapil,Thomas Richard Kwapil,trkwapil@illinois.edu,https://openalex.org/A5022338714,https://openalex.org/A5022338714,,100,EXACT,TRUE,2026|2025|2024|2023|2022|2021|2020|2019|2018|2017|2016,
07cb0eb2-ed30-4655-8465-e141680a4b49,tiago-bresolin,Tiago Bresolin,Tiago Bresolin,bresolin@illinois.edu,https://openalex.org/A5024968453,https://openalex.org/A5024968453,,100,EXACT,TRUE,2026|2025|2024|2023,
4348ac04-5ce2-40d2-8055-c965fa426952,tianyin-xu,Tianyin Xu,Tianyin Xu,tyxu@illinois.edu,https://openalex.org/A5027605695,https://openalex.org/A5027605695,,100,EXACT,TRUE,2026|2025|2024|2023|2022|2021|2020|2019|2018,
46fb6348-18a8-445c-9ac2-b52ce3f5e5ab,tim-liao,Tim Liao,Tim Futing Liao,tfliao@illinois.edu,https://openalex.org/A5031511752,https://openalex.org/A5031511752,,100,EXACT,TRUE,2026|2025|2024|2023|2022|2021|2020|2019|2018|2017|2016|2015|2013|2012|2011|2010|2006|2005|2004|2003|2002|2001|2000|1996|1995|1994|1992,
088ca45b-b5bc-4c9c-b522-2ad568a7b354,timothy-d-stark,Timothy D Stark,Timothy D. Stark,tstark@illinois.edu,https://openalex.org/A5052355248,https://openalex.org/A5052355248,,100,EXACT,TRUE,2026|2025|2024|2023|2022|2021|2020|2019|2018|2017|2016|2015|2014|2013|2012|2011|2010|2009|2008|2007|2006|2005|2004|2003|2002|2001|2000|1999|1998|1997|1996|1995|1994|1992|1991,
ac449bb8-ae05-4ae2-9caf-922ff53d3b34,timothy-j-stelzer,Timothy J Stelzer,Timothy J. Stelzer,tstelzer@illinois.edu,,https://openalex.org/A5068351570,,100,EXACT,TRUE,2025|2024|2023|2022|2021|2020|2019|2018|2015|2014|2013|2012|2011|2010|2009|2008|2007|2006|2005|2003|2001|1999|1998|1997|1995,
6fed611c-24b7-4264-b71f-daa9fc84010f,timothy-m-fan,Timothy M Fan,Timothy M. Fan,t-fan@illinois.edu,,https://openalex.org/A5012219010,,100,EXACT,TRUE,2026|2025|2024|2023|2022|2021|2020|2019|2018|2017|2016|2015|2014|2013|2012|2011|2010|2009|2008|2007|2006|2005|2004|2003|2002|2001,
c82c5b46-d6fe-41f8-ad58-6ba00121e493,timothy-moon-yew-chan,Timothy Moon-Yew Chan,Timothy M. Chan,tmc@illinois.edu,,https://openalex.org/A5032955418,,98,EXACT,TRUE,2026|2025|2024|2023|2022|2021|2020|2019|2018|2017,
047935ae-798c-483c-ba41-b9ca309a2303,timothy-wolfe-bretl,Timothy Wolfe Bretl,Timothy Bretl,tbretl@illinois.edu,https://openalex.org/A5090037830,https://openalex.org/A5090037830,,100,EXACT,TRUE,2026|2025|2024|2023|2022|2021|2020|2019|2018|2017|2016|2015|2014|2013|2012|2011|2010|2009|2008|2007,
10fd6d8a-decf-470d-a5a8-ed8bc73b4741,timur-oikhberg,Timur Oikhberg,Timur Oikhberg,oikhberg@illinois.edu,https://openalex.org/A5059386236,https://openalex.org/A5059386236,,100,EXACT,TRUE,2026|2024|2023|2022|2019|2018|2017|2016|2015|2014|2013|2012|2011|2010,
02a1bce0-28b9-4cd8-88e4-e6ee67442f71,ting-lu,Ting Lu,Ting Lu,luting@illinois.edu,https://openalex.org/A5103225065,https://openalex.org/A5083272185,,100,EXACT,TRUE,2026|2025|2024|2023|2022|2021|2020|2019|2018|2017|2016|2015|2014|2013|2012|2011,
f84b92df-03b3-47a1-9348-c15bc0553a12,tong-zhang,Tong Zhang,Tong Zhang,tozhang@illinois.edu,https://openalex.org/A5100378800,https://openalex.org/A5100378800,,100,EXACT,TRUE,2024|2005|2004|2000,
21076dba-5691-48b7-b42c-b2b46f9b2316,tonghun-lee,Tonghun Lee,Tonghun Lee,tonghun@illinois.edu,https://openalex.org/A5111819545,https://openalex.org/A5111819545,,100,EXACT,TRUE,2026|2025|2024|2023|2022|2021|2020|2019|2018|2017|2016|2015|2014|2013,
2156e764-d021-4c3a-8f2c-2dc1ba763f89,tony-wong,Tony Wong,Tony Wong,wongt@illinois.edu,https://openalex.org/A5090092475,https://openalex.org/A5090092475,,100,EXACT,TRUE,2026|2025|2024|2023|2022|2021|2020|2019|2018|2017|2016|2015|2014|2013|2012|2011|2010|2009|2008|2007,
e03cf31b-ed89-456c-9540-0cac101d9d6c,travis-dixon,Travis Dixon,Travis L. Dixon,tldixon@illinois.edu,,https://openalex.org/A5003376273,,100,EXACT,TRUE,2026|2022|2019|2017|2015|2014|2009|2008|2007|2006|2005|2003,
b410f560-551e-4cf1-b81a-d4697eb92d36,trish-gregg,Trish Gregg,P. M. Gregg,pgregg@illinois.edu,https://openalex.org/A5009117784,https://openalex.org/A5009117784,,80,REVIEW,TRUE,2026|2025|2024|2023|2022|2021|2020|2019|2018|2017|2016|2015|2014,NAME_REVIEW
eb501c3f-4d60-41a5-84a8-a7ff579557dc,u-imoukhuede,U Imoukhuede,,pii@illinois.edu,,,,,UNLINKED,,,NO_AUTHOR_LINK
9f0f1f48-ea34-4d3b-ba35-08f2b7229b99,ujjal-kumar-mukherjee,Ujjal Kumar Mukherjee,Ujjal Kumar Mukherjee,ukm@illinois.edu,,https://openalex.org/A5037998957,,100,EXACT,TRUE,2026|2025|2024|2023|2022|2021|2020|2019|2018|2017,
21a77060-d989-41b6-9888-97efbbee06bb,umberto-ravaioli,Umberto Ravaioli,Umberto Ravaioli,ravaioli@illinois.edu,https://openalex.org/A5031217675,https://openalex.org/A5031217675,,100,EXACT,TRUE,2025|2024|2021|2020|2019|2018|2017|2015|2014|2013|2012|2010|2009|2008|2007|2006|2005|2004|2003|2002|2001|2000|1999|1998|1997|1996|1995|1994|1993|1992|1991|1990|1989|1988,
1062b382-2ccf-442f-be25-c8e0d540a330,uwe-rudolph,Uwe Rudolph,Uwe Rudolph,urudolph@illinois.edu,https://openalex.org/A5036255755,https://openalex.org/A5036255755,,100,EXACT,TRUE,2026|2025|2024|2023|2022|2021|2020|2019,
02036f7c-4cb3-4281-b514-1c2b3b98ea0d,venugopal-varadachari-veeravalli,Venugopal Varadachari Veeravalli,Venugopal V. Veeravalli,vvv@illinois.edu,https://openalex.org/A5067089715,https://openalex.org/A5067089715,,92,STRONG,TRUE,2026|2025|2024|2023|2022|2021|2020|2019|2018|2017|2016|2015|2014|2013|2012|2011|2010|2009|2008|2007|2006|2005|2004|2003|2002|2001|2000|1994|1993|1992|1991|1988,
d894d8a9-1e2a-458e-a4dc-70a70f3f8eb4,vera-mikyoung-hur,Vera Mikyoung Hur,Vera Mikyoung Hur,verahur@illinois.edu,,https://openalex.org/A5028597140,,100,EXACT,TRUE,2025|2024|2023|2022|2021|2020|2019|2018|2017|2016|2015|2014|2013|2012|2011,
2071459e-2842-4aa6-8bd9-5c4abbb216a4,vetle-ingvald-torvik,Vetle Ingvald Torvik,Vetle I. Torvik,vtorvik@illinois.edu,https://openalex.org/A5079566229,https://openalex.org/A5079566229,,98,EXACT,TRUE,2026|2025|2024|2023|2022|2021|2020|2019|2018|2017|2016|2015|2014|2013|2012|2011|2009,
22cad75f-be86-4f3c-af4e-f5ec640aeb7c,victoria-coverstone,Victoria Coverstone,Victoria Coverstone,vcc@illinois.edu,https://openalex.org/A5147862655,https://openalex.org/A5064050931,,100,EXACT,TRUE,2026|2017|2016|2014|2013|2012|2011|2010|2009|2008|2007|2006|2005|2004|2003|2002|2001|2000,
287ba75c-5ca9-4dcd-b027-f33edc1eafcd,vidya-madhavan,Vidya Madhavan,Vidya Madhavan,vm1@illinois.edu,https://openalex.org/A5019548544,https://openalex.org/A5019548544,,100,EXACT,TRUE,2026|2025|2024|2023|2022|2021|2020|2019|2018|2017|2016|2015,
7029107e-0dfd-46b7-84e5-e602adbd020d,vikram-sadanand-adve,Vikram Sadanand Adve,Vikram Adve,vadve@illinois.edu,https://openalex.org/A5059017058,https://openalex.org/A5059017058,,92,STRONG,TRUE,2026|2025|2024|2023|2022|2021|2020|2019|2018|2016|2015|2014|2013|2012|2011|2010|2009|2008|2007|2006|2005|2004|2003|2002|2001|2000|1999,
f8914eb6-9a96-4040-8f9d-74d0ebaea446,viktor-gruev,Viktor Gruev,Viktor Gruev,vgruev@illinois.edu,https://openalex.org/A5036171336,https://openalex.org/A5036171336,,100,EXACT,TRUE,2026|2025|2024|2023|2022|2021|2020|2019|2018|2017,
d4299e93-88e6-4be4-9baa-80cb4121b0b5,violeta-rodriguez-palacios,Violeta Rodriguez Palacios,,vjrodrig@illinois.edu,,,,,UNLINKED,,,NO_AUTHOR_LINK
59b85c37-79b6-4f22-8011-63fd3ece3298,virginia-lorenz,Virginia Lorenz,Virginia O. Lorenz,vlorenz@illinois.edu,,https://openalex.org/A5079951722,,100,EXACT,TRUE,2025|2024|2023|2022|2021|2020|2019|2018|2017|2016,
b6cc5fe6-b213-4f72-b46b-6ff8a30b7f74,virginia-rosa-dominguez,Virginia Rosa Dominguez,Virginia R. Domínguez,vdomingu@illinois.edu,https://openalex.org/A5034090140,https://openalex.org/A5034090140,,92,STRONG,TRUE,2026|2025|2024|2022|2021|2020|2019|2018|2017|2016|2015|2014|2013|2012|2009|2008|2007|1969,
c828c9db-c6cc-4c25-8173-ac776f6517f7,vishal-verma,Vishal Verma,Vishal Verma,vverma@illinois.edu,https://openalex.org/A5043436376,https://openalex.org/A5043436376,,100,EXACT,TRUE,2026|2025|2024|2023|2022|2021|2020|2019|2018|2017|2016|2015,
712c4152-c308-46b3-a0fc-ce314fe7ab78,volodymyr-kindratenko,Volodymyr Kindratenko,Volodymyr Kindratenko,kindrtnk@illinois.edu,https://openalex.org/A5060025664,https://openalex.org/A5060025664,,100,EXACT,TRUE,2026|2025|2024|2023|2022|2021|2020|2019|2014|2013|2012|2011|2010|2009|2008|2007|2006|2005|2003|2001|2000|1999|1998,
ff771cee-2300-4e46-8834-d8c2b5f17531,wail-s-hassan,Waïl S. Hassan,Waïl S. Hassan,whassan@illinois.edu,,https://openalex.org/A5073385310,,100,EXACT,TRUE,2025|2024|2021|2019|2017|2013|2012|2009|2006|1994,
1b680e30-7f81-4a73-ae9f-c911f96f5f18,walter-l-hurley,Walter L Hurley,W.L. Hurley,wlhurley@illinois.edu,https://openalex.org/A5009466330,https://openalex.org/A5009466330,,100,EXACT,TRUE,2021|2020|2019|2017|2016|2015|2014|2013|2012|2011|2010|2009|2008|2007|2006|2005|2004|2003|2002|2001|2000|1999|1998|1997|1996|1995|1994|1993|1992|1991|1990|1989|1988|1987|1986|1985,
cca07d6b-ec14-48db-8515-378c36d9671a,waltraud-m-kriven,Waltraud M Kriven,Waltraud M. Kriven,kriven@illinois.edu,https://openalex.org/A5053104967,https://openalex.org/A5053104967,,100,EXACT,TRUE,2026|2025|2024|2023|2022|2021|2020|2019|2018|2017|2016|2015|2014|2013|2012|2011|2010|2009|2008|2007|2006|2005|2004|2003|2002|2001|2000|1999|1998|1997|1996|1995|1994|1993|1992|1991|1990|1989|1988|1987|1986|1985|1984|1982|1981,
282976ff-e3f0-4fcb-9240-97aa5633f674,wayne-c-solomon,Wayne C Solomon,Wayne C. Solomon,wsolomon@illinois.edu,https://openalex.org/A5037744442,https://openalex.org/A5037744442,,100,EXACT,TRUE,2014|2013|2012|2011|2010|2009|2008|2007|2006|2005|2004|2003|2002|2001|2000|1998|1997|1996|1994|1993,
fa14f5ec-aee0-4f25-8741-b03a9e4d60f6,weiping-zhang,Weiping Zhang,Weiping Zhang,wpzhang@illinois.edu,https://openalex.org/A5100657961,https://openalex.org/A5100657961,,100,EXACT,TRUE,2026|2025|2024|2023|2022|2021|2020|2019,
c4f99b36-6e66-4e94-a5d9-1c47ec527a84,wen-mei-hwu,Wen-mei Hwu,Wen‐mei Hwu,w-hwu@illinois.edu,,https://openalex.org/A5040404999,,100,EXACT,TRUE,2026|2025|2024|2023|2022|2021|2020|2019|2018|2017|2016|2015|2014|2013|2012|2011|2010|2009|2008|2007|2006|2005|2004|2003|2002|2001|2000|1999|1998|1997|1996|1995|1994|1993|1992|1991|1990|1989|1988|1987,
a549ef8a-9c5e-40c8-8680-8657fa93afe6,wendy-heller,Wendy Heller,Wendy Heller,w-heller@illinois.edu,,https://openalex.org/A5008740887,,100,EXACT,TRUE,2026|2025|2024|2023|2022|2021|2020|2019|2018|2017|2016|2015|2014|2013|2012|2011|2010|2009|2008|2007|2006|2005|2004|2003|2002|2001|1999|1998|1997|1995|1993|1992|1991,
fab24a42-e513-4665-a742-0f665ab88d24,wendy-rogers,Wendy Rogers,Wendy A. Rogers,wendyr@illinois.edu,https://openalex.org/A5101503529,https://openalex.org/A5101503529,,100,EXACT,TRUE,2026|2025|2024|2023|2022|2021|2020|2019|2018|2017|2016|2004,
6c51e921-722e-4c49-b656-8c56cacf8fe4,wendy-yang,Wendy Yang,Wendy H. Yang,yangw@illinois.edu,https://openalex.org/A5008622947,https://openalex.org/A5008622947,,100,EXACT,TRUE,2026|2025|2024|2023|2022|2021|2020|2019|2018|2017|2016|2015|2014,
a09b9615-5f52-45ea-8ec1-6e9abfbb9beb,weng-cho-chew,Weng Cho Chew,Weng Cho Chew,w-chew@illinois.edu,,https://openalex.org/A5032649464,,100,EXACT,TRUE,2023|2022|2021|2019|2018|2017|2016|2015|2014|2013|2012|2011|2010|2009|2008|2007|2006|2005|2004|2003|2002|2001|2000|1999|1998|1997|1996|1995|1994|1993|1992|1991|1990|1989|1988|1987|1986,
252973d8-ee96-473f-a518-f19ca601d98e,wenjuan-zhu,Wenjuan Zhu,Wenjuan Zhu,wjzhu@illinois.edu,https://openalex.org/A5053600949,https://openalex.org/A5053600949,,100,EXACT,TRUE,2026|2025|2024|2023|2022|2021|2020|2019|2018|2017|2016|2015,
ed49e98c-dc21-44f2-bb4a-8df0882e0ccc,wenzhen-yuan,Wenzhen Yuan,Wenzhen Yuan,yuanwz@illinois.edu,https://openalex.org/A5055947140,https://openalex.org/A5055947140,,100,EXACT,TRUE,2026|2025|2024,
a52a2c6d-6c57-4f7c-b665-bedf060a2157,wilfred-van-der-donk,Wilfred van der Donk,Wilfred A. van der Donk,vddonk@illinois.edu,https://openalex.org/A5067523147,https://openalex.org/A5067523147,,100,EXACT,TRUE,2026|2025|2024|2023|2022|2021|2020|2019|2018|2017|2016|2015|2014|2013|2012|2011|2010|2009|2008|2007|2006|2005|2004|2003|2002|2001|2000,
3f4e0f51-031f-43d7-bfd3-7edc7dda5887,william-barley,William Barley,William C. Barley,barley@illinois.edu,https://openalex.org/A5018536818,https://openalex.org/A5018536818,,100,EXACT,TRUE,2025|2024|2023|2022|2021|2020|2018|2017|2015,
85b79967-41cd-4c9c-a4dd-84eb172b736d,william-c-sullivan,William C Sullivan,WILLIAM C. SULLIVAN,wcsulliv@illinois.edu,https://openalex.org/A5011365072,https://openalex.org/A5011365072,,100,EXACT,TRUE,2026|2025|2024|2023|2022|2021|2020|2019|2018|2017|2016|2015|2014|2011|2010|2009|2007|2006|2005|2004|2002|2001|1998|1997|1996|1994,
999fa435-4d41-44f3-a062-3ceb57ff746e,william-d-gropp,William D Gropp,William Gropp,wgropp@illinois.edu,https://openalex.org/A5017241944,https://openalex.org/A5017241944,,100,EXACT,TRUE,2025|2024|2023|2022|2021|2020|2019|2018|2017|2016|2015|2014|2013|2012|2011|2010|2009|2008|2003|2002|1998|1995,
5526e0ed-3975-4358-9a09-79816479bfb8,william-e-underwood,William E Underwood,Ted Underwood,tunder@illinois.edu,https://openalex.org/A5006779213,https://openalex.org/A5006779213,,80,REVIEW,TRUE,2026|2025|2024|2023|2022|2021|2020|2019|2018|2017|2015|2014|2013|2011|2010|2006,NAME_REVIEW
6a7fd19c-bc2e-4f66-a3af-58606dd806f9,william-g-helferich,William G Helferich,William G. Helferich,helferic@illinois.edu,,https://openalex.org/A5031421894,,100,EXACT,TRUE,2026|2025|2023|2022|2021|2020|2019|2018|2017|2016|2015|2014|2013|2012|2011|2010|2009|2008|2007|2006|2005|2004|2003|2002|2001|2000,
ca2966b1-9954-409d-b69e-55933c5f9293,william-guenthner,William Guenthner,William R. Guenthner,wrg@illinois.edu,https://openalex.org/A5070303312,https://openalex.org/A5070303312,,100,EXACT,TRUE,2026|2025|2024|2023|2022|2021|2020|2019|2018|2017|2016|2015,
33d05db4-caeb-48ad-b161-ad80bfe26e64,william-harold-witola,William Harold Witola,William Harold Witola,whwit35@illinois.edu,https://openalex.org/A5032571886,https://openalex.org/A5032571886,,100,EXACT,TRUE,2026|2025|2024|2023|2022|2021|2020|2019|2018|2017|2016,
a2015c0f-464e-48fc-aaeb-9006f34dbe07,william-paul-king,William Paul King,William P. King,wpk@illinois.edu,,https://openalex.org/A5065601087,,100,EXACT,TRUE,2026|2025|2024|2023|2022|2021|2020|2019|2018|2017|2016|2015|2014|2013|2012|2011|2010|2009|2008|2007|2006|2005|2004,
77e25e95-0293-4780-a83f-8ff6c691cfee,william-w-mantulin,William W Mantulin,William W. Mantulin,mantulin@illinois.edu,,https://openalex.org/A5109249921,,100,EXACT,TRUE,2007|2006|2005|2004|2003|2002|2001|2000|1998|1997|1996|1995|1994|1993|1991|1989|1977,
963a5502-b5f7-4058-86ff-0a32b228ef76,william-w-metcalf,William W Metcalf,William W. Metcalf,metcalf@illinois.edu,,https://openalex.org/A5088534913,,100,EXACT,TRUE,2026|2025|2024|2023|2022|2021|2020|2019|2018|2017|2016|2015|2014|2013|2012|2011|2010|2009|2008|2007|2006|2005|2004|2002|2001|2000|1999|1998|1997|1996,
11c1673b-a53d-4bfe-98bf-fb243d004dad,xiao-su,Xiao Su,Xiao Su,x2su@illinois.edu,https://openalex.org/A5052039213,https://openalex.org/A5052039213,,100,EXACT,TRUE,2026|2025|2024|2023|2022|2021|2020|2019|1998,
f206f09c-f3d9-454e-91a9-2c2d0281d567,xiaofeng-shao,Xiaofeng Shao,Xiaofeng Shao,xshao@illinois.edu,https://openalex.org/A5086059595,https://openalex.org/A5086059595,,100,EXACT,TRUE,2025|2024|2023|2022|2021|2020|2019|2018|2017|2016|2015|2014|2013|2012|2011|2010|2009|2007|2006|2005,
db5fc1a4-547d-442f-b5a7-cadd19ef9c44,ximing-cai,Ximing Cai,Ximing Cai,xmcai@illinois.edu,https://openalex.org/A5075184717,https://openalex.org/A5075184717,,100,EXACT,TRUE,2026|2025|2024|2023|2022|2021|2020|2019|2018|2017|2016|2015|2014|2013|2012|2011|2010|2009|2008|2007|2006|2005|2004|2003,
96f9eb0a-39eb-4cfb-a170-ada7a445b48e,xin-liu,Xin Liu,Xin Liu,xinliuxl@illinois.edu,https://openalex.org/A5045518880,https://openalex.org/A5045518880,,100,EXACT,TRUE,2026|2025|2024|2023|2022|2021|2020|2019|2018|2017|2016|2014|2008|2005|2002|1994|1993|1992,
1164487c-2616-4bc2-ae8b-f142f888afc2,xiuling-li,Xiuling Li,Xiuling Li,xiuling@illinois.edu,https://openalex.org/A5100763046,https://openalex.org/A5100763046,,100,EXACT,TRUE,2025|2024|2023|2022|2021|2020|2019|2018|2017|2016|2015|2014|2013|2012|2011|2010|2009|2008|2007|2002|2001|1992,
bc1a462a-2bae-4952-8790-e51bfe062ff2,xun-yan,Xun Yan,Xun Yan,xunyan@illinois.edu,https://openalex.org/A5048917702,https://openalex.org/A5048917702,,100,EXACT,TRUE,2026|2025|2024|2023|2022|2021|2020|2019|2018|2017|2016|2015,
58ae5ee8-e16e-4244-b970-49c69c887109,yanfeng-ouyang,Yanfeng Ouyang,Yanfeng Ouyang,yfouyang@illinois.edu,https://openalex.org/A5084635125,https://openalex.org/A5084635125,,100,EXACT,TRUE,2026|2025|2024|2023|2022|2021|2020|2019|2018|2017|2016|2015|2014|2013|2012|2011|2010|2009|2008|2007|2006,
c100726c-def2-414e-914a-197f3ccaac56,yang-wang,Yang Wang,Yang Wang,yvw@illinois.edu,https://openalex.org/A5065252864,https://openalex.org/A5065252864,,100,EXACT,TRUE,2025|2024|2023|2022|2021|2020|2014|2011,
2e80b26a-5805-43a7-a126-e3962b25670a,yann-robert-chemla,Yann Robert Chemla,Yann R. Chemla,ychemla@illinois.edu,https://openalex.org/A5068744294,https://openalex.org/A5068744294,,100,EXACT,TRUE,2026|2025|2024|2023|2022|2021|2020|2019|2018|2017|2016|2015|2014|2013|2012|2011|2010|2009|2008,
287a4b3b-3ccf-44b2-900a-919b006b9dd6,yi-lu-yi-lu,Yi Lu,Yi Lu,yi-lu@illinois.edu,https://openalex.org/A5100661754,https://openalex.org/A5100661754,,100,EXACT,TRUE,2026|2025|2024|2023|2022|2021|2020|2019|2018|2017|2016|2015|2014|2013|2012|2011|2010|2009|2008|2007|2006|2005|2004|2003|2002|2001|2000|1999|1998|1997|1996,
c5992e2b-6f8a-4e77-b3cd-f4ecc6ebee32,yi-lu-yilu4,Yi Lu,Yi Lu,yilu4@illinois.edu,https://openalex.org/A5102981342,https://openalex.org/A5102981342,,100,EXACT,TRUE,2020|2019|2016|2015|2014|2013|2012|2011|2010|2005|2002,
3e2c3a20-08ef-4e1d-9ed7-38619805f42c,yih-chun-hu,Yih-Chun Hu,Yih‐Chun Hu,yihchun@illinois.edu,https://openalex.org/A5019677106,https://openalex.org/A5019677106,,100,EXACT,TRUE,2026|2025|2024|2023|2022|2021|2020|2019|2018|2017|2016|2015|2014|2013|2012|2011|2010|2009|2008|2007|2006,
94c597c4-214e-4a4a-b616-994ae876a8d9,yih-kuen-jan,Yih-Kuen Jan,Yih‐Kuen Jan,yjan@illinois.edu,https://openalex.org/A5080909004,https://openalex.org/A5080909004,,100,EXACT,TRUE,2026|2025|2024|2023|2022|2021|2020|2019|2018|2017|2016|2015|2014|2013|2012,
35a59b55-fabf-4f25-a473-2c0dc1118697,ying-diao,Ying Diao,Ying Diao,yingdiao@illinois.edu,https://openalex.org/A5036684590,https://openalex.org/A5036684590,,100,EXACT,TRUE,2026|2025|2024|2023|2022|2021|2020|2019|2018|2017|2016|2015,
1c38e096-e240-4a40-8184-b485fe39699a,yonatan-frederick-kahn,Yonatan Frederick Kahn,Yonatan F. Kahn,yfkahn@illinois.edu,https://openalex.org/A5108821003,https://openalex.org/A5108821003,,100,EXACT,TRUE,2026|2025|2024|2023|2022|2021|2020|2019|2018|1900,
c222aa99-af63-4cf1-a8d3-f66b611f6e2c,yong-su-jin,Yong-Su Jin,Yong‐Su Jin,ysjin@illinois.edu,https://openalex.org/A5051968629,https://openalex.org/A5051968629,,100,EXACT,TRUE,2026|2025|2024|2023|2022|2021|2020|2019|2018|2017|2016|2015|2014|2013|2012|2011|2010|2009|2008,
925d1139-94cd-489a-9a32-c1292ac5d6c6,yoram-bresler,Yoram Bresler,Yoram Bresler,ybresler@illinois.edu,,https://openalex.org/A5026523226,,100,EXACT,TRUE,2026|2025|2024|2023|2022|2021|2020|2019|2018|2017|2016|2015|2014|2013|2012|2011|2010|2009|2008|2007|2006|2005|2004|2003|2002|2001|2000|1999|1998|1997|1996|1995|1994|1993|1992|1991|1990|1989|1988,
5d81079f-ce6b-4b73-a693-3a5bbc865c6e,youngah-park,YoungAh Park,YoungAh Park,yapark15@illinois.edu,,https://openalex.org/A5090942222,,100,EXACT,TRUE,2026|2025|2024|2023|2022|2021|2020|2019|2018|2017|2016|2015,
10490c51-8bd5-4444-ba5d-baefac1bd732,youssef-m-a-hashash,Youssef M A Hashash,Youssef M. A. Hashash,hashash@illinois.edu,https://openalex.org/A5057310837,https://openalex.org/A5057310837,,100,EXACT,TRUE,2025|2024|2023|2022|2021|2020|2019|2018|2017|2016|2015|2014|2013|2012|2011|2010|2009|2008|2007|2006|2005|2004|2003|2002|2001,
4d59d2bf-b728-4993-918b-3fc7be065bbc,yuan-xiang-pan,Yuan-Xiang Pan,Yuan‐Xiang Pan,yxpan@illinois.edu,https://openalex.org/A5012450193,https://openalex.org/A5012450193,,100,EXACT,TRUE,2026|2025|2024|2023|2022|2021|2020|2019|2018|2017|2016|2015|2014|2013|2012|2011|2010|2009|2008|2007,
8d9e6c84-c47a-43c5-bdde-ff37e01b2d7f,yuanhui-zhang,Yuanhui Zhang,Yuanhui Zhang,yzhang1@illinois.edu,https://openalex.org/A5014006564,https://openalex.org/A5014006564,,100,EXACT,TRUE,2026|2025|2024|2023|2022|2021|2020|2019|2018|2017|2016|2015|2014|2013|2012|2011|2010|2009|2008|2007|2006|2004|2002|2000|1999|1998,
8d2a160d-0493-42a0-a085-a16cd237844f,yue-shen,Yue Shen,Yue Guo Shen,shenyue@illinois.edu,https://openalex.org/A5067408026,https://openalex.org/A5067408026,,100,EXACT,TRUE,2026|2025|2024|2023|2022|2021|2020|2019|2018|2017|2016|2015|2008,
5eecc87e-9ea6-495e-a95a-5cfeac1a4323,yuguo-chen,Yuguo Chen,Yuguo Chen,yuguo@illinois.edu,https://openalex.org/A5101687012,https://openalex.org/A5101687012,,100,EXACT,TRUE,2026|2025|2024|2023|2022|2021|2020|2019|2018|2017|2016|2015|2013|2011|2010|2009|2008|2007|2006,
6164d630-43d0-483d-adf9-11d75d502144,yuji-arai,Yuji Arai,Yuji Arai,yarai@illinois.edu,,https://openalex.org/A5002032369,,100,EXACT,TRUE,2026|2024|2023|2022|2021|2020|2019|2018|2017|2016|2015|2014,
ae849578-f0ef-49d9-850e-d2d7054e6625,yuliy-baryshnikov,Yuliy Baryshnikov,Yuliy Baryshnikov,ymb@illinois.edu,,https://openalex.org/A5080018659,,100,EXACT,TRUE,2026,
c07e6626-f57f-4115-bc07-65141ef21634,yumeng-li,Yumeng Li,Yumeng Li,yumengl@illinois.edu,https://openalex.org/A5100775189,https://openalex.org/A5100775189,,100,EXACT,TRUE,2025|2024|2023|2022|2021|2020|2019|2018,
559ef7c4-7ccf-4981-afb8-0fd2a5c6c708,yun-huang,Yun Huang,Yun Huang,yunhuang@illinois.edu,https://openalex.org/A5020532149,https://openalex.org/A5020532149,,100,EXACT,TRUE,2026|2025|2024|2023|2022|2021|2020|2019,
94b65603-a82a-447d-bf3b-f44364a1ebaa,yun-kyu-yi,Yun Kyu Yi,Yun Kyu Yi,ykyi@illinois.edu,,https://openalex.org/A5024872678,,100,EXACT,TRUE,2026|2025|2024|2023|2022|2021|2020|2019|2018|2017|2016,
9ac27715-8901-4188-9373-cb06e17711ea,yun-yang,Yun Yang,Yun Yang,yy84@illinois.edu,https://openalex.org/A5104208065,https://openalex.org/A5104208065,,100,EXACT,TRUE,2023|2022|2021|2020|2019|2018,
4de7f56b-9e94-4a00-b1db-711d02166b2f,yurii-a-vlasov,Yurii A Vlasov,Yurii A. Vlasov,yvlasov@illinois.edu,https://openalex.org/A5015288655,https://openalex.org/A5015288655,,100,EXACT,TRUE,2026|2025|2024|2023|2022|2021|2019,
a3d1e2fb-f845-439c-930e-25705be6989f,yuxiong-wang,Yuxiong Wang,Yuxiong Wang,yxw@illinois.edu,,https://openalex.org/A5138553429,,100,EXACT,FALSE,,NO_UIUC_AFFILIATION
f52d538a-aa33-43bb-bb3d-b5589f40a53a,zahra-mohaghegh,Zahra Mohaghegh,Zahra Mohaghegh,zahra13@illinois.edu,,https://openalex.org/A5079837730,,100,EXACT,TRUE,2026|2025|2024|2023|2022|2021|2020|2019|2018|2017|2016|2015|2014|2013|1900,
5091014a-06a2-4d91-98d3-6c31cae7c78a,zeynep-madak-erdogan,Zeynep Madak-Erdogan,Zeynep Madak‐Erdogan,zmadake2@illinois.edu,https://openalex.org/A5064261487,https://openalex.org/A5064261487,,100,EXACT,TRUE,2026|2025|2024|2023|2022|2021|2020|2019|2018|2017|2016|2015|2014|2013|2012|2011|2010|2009|2008|2005,
3141aa07-25f1-4527-bc62-95067f143103,zhi-pei-liang,Zhi-Pei Liang,Zhi‐Pei Liang,z-liang@illinois.edu,https://openalex.org/A5019294923,https://openalex.org/A5019294923,,100,EXACT,TRUE,2026|2025|2024|2023|2022|2021|2020|2019|2018|2017|2016|2015|2014|2013|2012|2011|2010|2009|2008|2007|2006|2005|2004|2003|2002|2001|2000|1999|1998|1997|1996|1995|1994|1993|1991,
bc2321e7-3324-4e7b-b423-36db9ef4504e,zhizhen-zhao,Zhizhen Zhao,Zhizhen Zhao,zhizhenz@illinois.edu,https://openalex.org/A5048820768,https://openalex.org/A5048820768,,100,EXACT,TRUE,2025|2024|2023|2022|2021|2020|2019|2018|2017,
9706802c-7c6c-4b45-ac96-cc6c24561791,zhuo-wang,Zhuo Wang,Zhuo Wang,zhuowang@illinois.edu,https://openalex.org/A5100446619,https://openalex.org/A5100446619,,100,EXACT,TRUE,2026|2025|2024|2023|2022|2021|2020|2019|2018|2017|2016|2015|2014|2013|2012|2011|2010,
1413d949-144d-4e8a-b6dd-10199caa9ad4,zoi-rapti,Zoi Rapti,Zoi Rapti,zrapti@illinois.edu,https://openalex.org/A5061875088,https://openalex.org/A5061875088,,100,EXACT,TRUE,2026|2025|2024|2023|2022|2021|2020|2019|2016|2015|2014|2013|2011|2010|2009|2008|2007|2006,
15f541da-9af8-471d-9858-145e9a77dc39,zsuzsa-gille,Zsuzsa Gille,Zsuzsa Gille,gille@illinois.edu,https://openalex.org/A5052640965,https://openalex.org/A5052640965,,100,EXACT,TRUE,2026|2023|2022|2020|2019|2018|2017|2012|2011|2010|2009|2008|2007|2005|2004|2003|2002|2001|2000,
50e7fc44-3ed6-4874-b902-b2af8222087c,zsuzsanna-fagyal,Zsuzsanna Fagyal,Zsuzsanna Fagyal,zsfagyal@illinois.edu,,https://openalex.org/A5026471143,,100,EXACT,TRUE,2026|2023|2022|2021|2019|2018|2017|2016|2012|2011|2010|2008|2006|2005|2004|2003|2002|2001,
